location,source,target,id,fuzzy,context,translator_comments,developer_comments
_work/Data/Scripts/content/AI/Monster/Mst_BlackGobbo.d:7,schwarzer Goblin,,,,Mst_Default_BlackGobbo.name,,
_work/Data/Scripts/content/AI/Monster/Mst_BlackGobbo.d:91,Goblin Krieger,,,,BlackGobboWarrior.name,,
_work/Data/Scripts/content/AI/Monster/Mst_Bloodfly.d:7,Blutfliege,,,,Mst_Default_Bloodfly.name,,
_work/Data/Scripts/content/AI/Monster/Mst_Bloodfly.d:87,aggressive Blutfliege,,,,HelpBrothers_Bloodfly.name,,
_work/Data/Scripts/content/AI/Monster/Mst_Bloodhound.d:7,Bluthund,,,,Mst_Default_Bloodhound.name,,
_work/Data/Scripts/content/AI/Monster/Mst_Demon.d:7,Flammendämon,,,,Mst_Default_Demon.name,,
_work/Data/Scripts/content/AI/Monster/Mst_Demon.d:127,niederer Dämon,,,,OTDemon.name,,
_work/Data/Scripts/content/AI/Monster/Mst_DemonLord.d:7,Dämonenlord,,,,Mst_Default_DemonLord.name,,
_work/Data/Scripts/content/AI/Monster/Mst_FireWaran.d:7,Feuerwaran,,,,Mst_Default_FireWaran.name,,
_work/Data/Scripts/content/AI/Monster/Mst_Gobbo.d:7,Goblin,,,,Mst_Default_GreenGobbo.name,,
_work/Data/Scripts/content/AI/Monster/Mst_Golem.d:7,Golem,,,,Mst_Default_Golem.name,,
_work/Data/Scripts/content/AI/Monster/Mst_Golem.d:85,Stein Golem,,,,StoneGolem.name,,
_work/Data/Scripts/content/AI/Monster/Mst_Golem.d:102,Golem,,,,SummonedByPC_StoneGolem.name,,
_work/Data/Scripts/content/AI/Monster/Mst_Golem.d:124,Stein Golem,,,,SummonedByNPC_StoneGolem.name,,
_work/Data/Scripts/content/AI/Monster/Mst_Golem.d:145,Feuer Golem,,,,FireGolem.name,,
_work/Data/Scripts/content/AI/Monster/Mst_Golem.d:172,Eis Golem,,,,IceGolem.name,,
_work/Data/Scripts/content/AI/Monster/Mst_Golem.d:203,Brücken Golem,,,,BridgeGolem.name,,
_work/Data/Scripts/content/AI/Monster/Mst_Harpie.d:7,Harpie,,,,Mst_Default_Harpie.name,,
_work/Data/Scripts/content/AI/Monster/Mst_Lurker.d:7,Lurker,,,,Mst_Default_Lurker.name,,
_work/Data/Scripts/content/AI/Monster/Mst_Lurker.d:80,Dammlurker,,,,DamLurker.name,,
_work/Data/Scripts/content/AI/Monster/Mst_Meatbug.d:7,Fleischwanze,,,,Mst_Default_Meatbug.name,,
_work/Data/Scripts/content/AI/Monster/Mst_Minecrawler.d:7,Minecrawler,,,,Mst_Default_Minecrawler.name,,
_work/Data/Scripts/content/AI/Monster/Mst_MinecrawlerQueen.d:8,Minecrawler Königin,,,,Mst_Default_MinecrawlerQueen.name,,
_work/Data/Scripts/content/AI/Monster/Mst_MinecrawlerWarrior.d:7,Minecrawler Warrior,,,,Mst_Default_MinecrawlerWarrior.name,,
_work/Data/Scripts/content/AI/Monster/Mst_MinecrawlerWarrior.d:79,Tempel Minecrawler,,,,OTMinecrawler.name,,
_work/Data/Scripts/content/AI/Monster/Mst_Molerat.d:7,Molerat,,,,Mst_Default_Molerat.name,,
_work/Data/Scripts/content/AI/Monster/Mst_Molerat.d:83,junge Molerat,,,,YMolerat.name,,
_work/Data/Scripts/content/AI/Monster/Mst_OrcBiter.d:7,Beisser,,,,Mst_Default_OrcBiter.name,,
_work/Data/Scripts/content/AI/Monster/Mst_OrcDog.d:7,Orc-Hund,,,,Mst_Default_OrcDog.name,,
_work/Data/Scripts/content/AI/Monster/Mst_OrcScout.d:7,Orc Jäger,,,,Mst_Default_OrcScout.name,,
_work/Data/Scripts/content/AI/Monster/Mst_OrcScout.d:86,Ork,,,,OrcPeasantEatAndDrink.name,,
_work/Data/Scripts/content/AI/Monster/Mst_OrcScout.d:107,Orc Späher,,,,OrcScoutGYD.name,,
_work/Data/Scripts/content/AI/Monster/Mst_OrcShaman.d:7,Ork Schamane,,,,Mst_Default_OrcShaman.name,,
_work/Data/Scripts/content/AI/Monster/Mst_OrcSlave.d:7,Orc Sklave,,,,Mst_Default_OrcSlave.name,,
_work/Data/Scripts/content/AI/Monster/Mst_OrcSlave.d:87,Ork,,,,OrcPeasantDance.name,,
_work/Data/Scripts/content/AI/Monster/Mst_OrcSlave.d:107,Ork,,,,OrcPeasantDrum.name,,
_work/Data/Scripts/content/AI/Monster/Mst_OrcWarrior.d:7,Ork Krieger,,,,Mst_Default_OrcWarrior.name,,
_work/Data/Scripts/content/AI/Monster/Mst_OrcWarrior.d:69,Ork Kämpfer,,,,OrcWarrior1.name,,
_work/Data/Scripts/content/AI/Monster/Mst_OrcWarrior.d:96,Ork Krieger,,,,OrcWarrior2.name,,
_work/Data/Scripts/content/AI/Monster/Mst_OrcWarrior.d:123,Ork Klankrieger,,,,OrcWarrior3.name,,
_work/Data/Scripts/content/AI/Monster/Mst_OrcWarrior.d:150,Ork Tempelkrieger,,,,OrcWarrior4.name,,
_work/Data/Scripts/content/AI/Monster/Mst_Razor.d:7,Razor,,,,Mst_Default_Razor.name,,
_work/Data/Scripts/content/AI/Monster/Mst_Scavenger.d:7,Scavenger,,,,Mst_Default_Scavenger.name,,
_work/Data/Scripts/content/AI/Monster/Mst_Scavenger.d:87,junger Scavenger,,,,YScavenger.name,,
_work/Data/Scripts/content/AI/Monster/Mst_Shadowbeast.d:7,Schattenläufer,,,,Mst_Default_Shadowbeast.name,,
_work/Data/Scripts/content/AI/Monster/Mst_Skeleton.d:7,Skelett,,,,Mst_Default_Skeleton.name,,
_work/Data/Scripts/content/AI/Monster/Mst_Skeleton.d:136,Skelett Späher,,,,SkeletonScout.name,,
_work/Data/Scripts/content/AI/Monster/Mst_Skeleton.d:151,Skelett Krieger,,,,SkeletonWarrior.name,,
_work/Data/Scripts/content/AI/Monster/Mst_Skeleton.d:170,Skelett Magier,,,,SkeletonMage.name,,
_work/Data/Scripts/content/AI/Monster/Mst_Skeleton.d:198,Skelett Magier des Nebelturms,,,,SkeletonMage_fogtower.name,,
_work/Data/Scripts/content/AI/Monster/Mst_Skeleton.d:256,Skelett Krieger,,,,SummonedByPC_SkeletonWarrior.name,,
_work/Data/Scripts/content/AI/Monster/Mst_Skeleton.d:275,Skelett Krieger,,,,SummonedByNPC_SkeletonWarrior.name,,
_work/Data/Scripts/content/AI/Monster/Mst_Sleeper.d:7,Der Schläfer,,,,Mst_Default_Sleeper.name,,
_work/Data/Scripts/content/AI/Monster/Mst_Snapper.d:7,Snapper,,,,Mst_Default_Snapper.name,,
_work/Data/Scripts/content/AI/Monster/Mst_Swampshark.d:7,Sumpfhai,,,,Mst_Default_Swampshark.name,,
_work/Data/Scripts/content/AI/Monster/Mst_Swampshark.d:80,verletzter Sumpfhai,,,,HurtSwampshark.name,,
_work/Data/Scripts/content/AI/Monster/Mst_Troll.d:7,Troll,,,,Mst_Default_Troll.name,,
_work/Data/Scripts/content/AI/Monster/Mst_Troll.d:80,junger Troll,,,,YoungTroll.name,,
_work/Data/Scripts/content/AI/Monster/Mst_UndeadOrcShaman.d:7,Hohepriester,,,,Mst_Default_UndeadOrcShaman.name,,
_work/Data/Scripts/content/AI/Monster/Mst_UndeadOrcWarrior.d:7,Tempelwächter,,,,Mst_Default_UndeadOrcWarrior.name,,
_work/Data/Scripts/content/AI/Monster/Mst_UndeadOrcWarrior.d:78,Hoher Tempelwächter,,,,UndeadOWH.name,,
_work/Data/Scripts/content/AI/Monster/Mst_Waran.d:7,Waran,,,,Mst_Default_Waran.name,,
_work/Data/Scripts/content/AI/Monster/Mst_Wolf.d:7,Wolf,,,,Mst_Default_Wolf.name,,
_work/Data/Scripts/content/AI/Monster/Mst_Zombie.d:7,Zombie,,,,Mst_Default_Zombie.name,,
_work/Data/Scripts/content/AI/Monster/Mst_Zombie.d:135,Der Wächter,,,,ZombieTheKeeper.name,,
_work/Data/Scripts/content/Story/NPC/BAU_900_Ricelord.d:5,Der Reislord,,,,BAU_900_Ricelord.name,,
_work/Data/Scripts/content/Story/NPC/BAU_901_Horatio.d:5,Horatio,,,,BAU_901_Horatio.name,,
_work/Data/Scripts/content/Story/NPC/BAU_902_Pock.d:5,Pock,,,,BAU_902_Pock.name,,
_work/Data/Scripts/content/Story/NPC/BAU_903_Rufus.d:5,Rufus,,,,BAU_903_Rufus.name,,
_work/Data/Scripts/content/Story/NPC/BAU_912_Jeremiah.d:5,Jeremiah,,,,BAU_912_Jeremiah.name,,
_work/Data/Scripts/content/Story/NPC/BAU_935_Homer.d:5,Homer,,,,BAU_935_Homer.name,,
_work/Data/Scripts/content/Story/NPC/BAU_940_Riddler.d:8,Leiche,,,,Bau_940_Riddler.name,,
_work/Data/Scripts/content/Story/NPC/CS_Eskorte1.d:4,Eskorte1,,,,CS_Eskorte1.name,,
_work/Data/Scripts/content/Story/NPC/CS_Eskorte2.d:4,Eskorte2,,,,CS_Eskorte2.name,,
_work/Data/Scripts/content/Story/NPC/CS_Eskorte3.d:4,Eskorte3,,,,CS_Eskorte3.name,,
_work/Data/Scripts/content/Story/NPC/CS_Eskorte4.d:4,Eskorte4,,,,CS_Eskorte4.name,,
_work/Data/Scripts/content/Story/NPC/CS_Eskorte5.d:4,Eskorte5,,,,CS_Eskorte5.name,,
_work/Data/Scripts/content/Story/NPC/CS_Eskorte6.d:4,Eskorte6,,,,CS_Eskorte6.name,,
_work/Data/Scripts/content/Story/NPC/CS_Richter.d:5,Richter,,,,CS_Richter.name,,
_work/Data/Scripts/content/Story/NPC/EBR_102_Arto.d:5,Arto,,,,EBR_102_Arto.name,,
_work/Data/Scripts/content/Story/NPC/EBR_105_Raven.d:5,Raven,,,,EBR_105_Raven.name,,
_work/Data/Scripts/content/Story/NPC/EBR_106_Bartholo.d:5,Bartholo,,,,EBR_106_Bartholo.name,,
_work/Data/Scripts/content/Story/NPC/EBR_108_Velaya.d:5,Velaya,,,,EBR_108_Velaya.name,,
_work/Data/Scripts/content/Story/NPC/EBR_109_Syra.d:5,Syra,,,,EBR_109_Syra.name,,
_work/Data/Scripts/content/Story/NPC/EBR_110_Seraphia.d:5,Seraphia,,,,EBR_110_Seraphia.name,,
_work/Data/Scripts/content/Story/NPC/Ebr_100_Gomez.d:5,Gomez,,,,EBR_100_Gomez.name,,
_work/Data/Scripts/content/Story/NPC/Ebr_101_Scar.d:5,Scar,,,,EBR_101_Scar.name,,
_work/Data/Scripts/content/Story/NPC/GUR_1212_MadCorKalom.d:7,verrückter Cor Kalom,,,,GUR_1212_MadCorKalom.name,,
_work/Data/Scripts/content/Story/NPC/Grd_200_Thorus.d:5,Thorus,,,,Grd_200_Thorus.name,,
_work/Data/Scripts/content/Story/NPC/Grd_201_Jackal.d:5,Jackal,,,,GRD_201_Jackal.name,,
_work/Data/Scripts/content/Story/NPC/Grd_203_Bullit.d:5,Bullit,,,,GRD_203_Bullit.name,,
_work/Data/Scripts/content/Story/NPC/Grd_205_Scorpio.d:5,Scorpio,,,,Grd_205_Scorpio.name,,
_work/Data/Scripts/content/Story/NPC/Grd_208_Cutter.d:5,Cutter,,,,GRD_208_Cutter.name,,
_work/Data/Scripts/content/Story/NPC/Grd_210_Scatty.d:5,Scatty,,,,GRD_210_Scatty.name,,
_work/Data/Scripts/content/Story/NPC/Grd_211_Skip.d:5,Skip,,,,GRD_211_Skip.name,,
_work/Data/Scripts/content/Story/NPC/Grd_219_Stone.d:5,Stone,,,,GRD_219_Stone.name,,
_work/Data/Scripts/content/Story/NPC/Grd_224_Pacho.d:5,Pacho,,,,GRD_224_Pacho.name,,
_work/Data/Scripts/content/Story/NPC/Grd_233_Bloodwyn.d:5,Bloodwyn,,,,GRD_233_Bloodwyn.name,,
_work/Data/Scripts/content/Story/NPC/Grd_251_Kirgo.d:5,Kirgo,,,,GRD_251_Kirgo.name,,
_work/Data/Scripts/content/Story/NPC/Grd_254_Orry.d:5,Orry,,,,GRD_254_Orry.name,,
_work/Data/Scripts/content/Story/NPC/Grd_255_Fletcher.d:5,Fletcher,,,,GRD_255_Fletcher.name,,
_work/Data/Scripts/content/Story/NPC/Grd_260_Drake.d:5,Drake,,,,GRD_260_Drake.name,,
_work/Data/Scripts/content/Story/NPC/Grd_261_Brandick.d:5,Brandick,,,,GRD_261_Brandick.name,,
_work/Data/Scripts/content/Story/NPC/Grd_262_Aaron.d:5,Aaron,,,,GRD_262_Aaron.name,,
_work/Data/Scripts/content/Story/NPC/Grd_263_Asghan.d:5,Asghan,,,,GRD_263_Asghan.name,,
_work/Data/Scripts/content/Story/NPC/Grd_271_Ulbert.d:5,Ulbert,,,,GRD_271_Ulbert.name,,
_work/Data/Scripts/content/Story/NPC/Grd_282_Nek.d:5,Toter Gardist,,,,GRD_282_Nek.name,,
_work/Data/Scripts/content/Story/NPC/Gur_1200_YBerion.d:5,Y'Berion,,,,GUR_1200_YBerion.name,,
_work/Data/Scripts/content/Story/NPC/Gur_1201_CorKalom.d:5,Cor Kalom,,,,GUR_1201_CorKalom.name,,
_work/Data/Scripts/content/Story/NPC/Gur_1202_CorAngar.d:5,Cor Angar,,,,GUR_1202_CorAngar.name,,
_work/Data/Scripts/content/Story/NPC/Gur_1203_BaalTondral.d:4,Baal Tondral,,,,GUR_1203_BaalTondral.name,,
_work/Data/Scripts/content/Story/NPC/Gur_1204_BaalNamib.d:4,Baal Namib,,,,GUR_1204_BaalNamib.name,,
_work/Data/Scripts/content/Story/NPC/Gur_1205_Chani.d:5,Chani,,,,Gur_1205_Chani.name,,
_work/Data/Scripts/content/Story/NPC/Gur_1207_Natalia.d:5,Natalia,,,,Gur_1207_Natalia.name,,
_work/Data/Scripts/content/Story/NPC/Gur_1208_BaalCadar.d:4,Baal Cadar,,,,GUR_1208_BaalCadar.name,,
_work/Data/Scripts/content/Story/NPC/Gur_1209_BaalOrun.d:4,Baal Orun,,,,GUR_1209_BaalOrun.name,,
_work/Data/Scripts/content/Story/NPC/Gur_1210_BaalTyon.d:4,Baal Tyon,,,,GUR_1210_BaalTyon.name,,
_work/Data/Scripts/content/Story/NPC/Gur_1211_BaalLukor.d:4,Baal Lukor,,,,GUR_1211_BaalLukor.name,,
_work/Data/Scripts/content/Story/NPC/InExtremo.d:7,Dr. Pymonte,,,,InExtremo_DrPymonte.name,,
_work/Data/Scripts/content/Story/NPC/InExtremo.d:65,The Flail,,,,InExtremo_TheFlail.name,,
_work/Data/Scripts/content/Story/NPC/InExtremo.d:120,Thomas the forger,,,,InExtremo_ThomasTheForger.name,,
_work/Data/Scripts/content/Story/NPC/InExtremo.d:178,Unicorn,,,,InExtremo_Unicorn.name,,
_work/Data/Scripts/content/Story/NPC/InExtremo.d:234,Yellow Pfeiffer,,,,InExtremo_YellowPfeiffer.name,,
_work/Data/Scripts/content/Story/NPC/InExtremo.d:288,Lutter,,,,InExtremo_Lutter.name,,
_work/Data/Scripts/content/Story/NPC/InExtremo.d:342,Flex,,,,InExtremo_Flex.name,,
_work/Data/Scripts/content/Story/NPC/InExtremo.d:400,Steve,,,,IE_397_Announcer.name,,
_work/Data/Scripts/content/Story/NPC/InExtremo.d:463,Charlotte,,,,Charlotte.name,,
_work/Data/Scripts/content/Story/NPC/KDF_400_Rodriguez.d:5,Rodriguez,,,,KDF_400_Rodriguez.name,,
_work/Data/Scripts/content/Story/NPC/KDF_401_Damarok.d:5,Damarok,,,,KDF_401_Damarok.name,,
_work/Data/Scripts/content/Story/NPC/KDF_402_Corristo.d:5,Corristo,,,,KDF_402_Corristo.name,,
_work/Data/Scripts/content/Story/NPC/KDF_403_Drago.d:5,Drago,,,,KDF_403_Drago.name,,
_work/Data/Scripts/content/Story/NPC/KDF_404_Xardas.d:5,Xardas,,,,KDF_404_Xardas.name,,
_work/Data/Scripts/content/Story/NPC/KDF_405_Torrez.d:5,Torrez,,,,KDF_405_Torrez.name,,
_work/Data/Scripts/content/Story/NPC/KDF_406_OTXardas.d:7,Xardas,,,,KDF_406_OTXardas.name,,
_work/Data/Scripts/content/Story/NPC/KDW_600_Saturas.d:5,Saturas,,,,KDW_600_Saturas.name,,
_work/Data/Scripts/content/Story/NPC/KDW_601_Myxir.d:5,Myxir,,,,KDW_601_Myxir.name,,
_work/Data/Scripts/content/Story/NPC/KDW_602_Merdarion.d:5,Merdarion,,,,KDW_602_Merdarion.name,,
_work/Data/Scripts/content/Story/NPC/KDW_603_Nefarius.d:5,Nefarius,,,,KDW_603_Nefarius.name,,
_work/Data/Scripts/content/Story/NPC/KDW_604_Cronos.d:5,Cronos,,,,KDW_604_Cronos.name,,
_work/Data/Scripts/content/Story/NPC/KDW_605_Riordian.d:5,Riordian,,,,KDW_605_Riordian.name,,
_work/Data/Scripts/content/Story/NPC/Non_1500_Gilbert.d:5,Gilbert,,,,Non_1500_Gilbert.name,,
_work/Data/Scripts/content/Story/NPC/Non_1501_Wegelagerer.d:6,Wegelagerer,,,,Non_1501_Wegelagerer.name,,
_work/Data/Scripts/content/Story/NPC/Non_1502_Wegelagerer.d:6,Wegelagerer,,,,Non_1502_Wegelagerer.name,,
_work/Data/Scripts/content/Story/NPC/Non_1503_Wegelagerer.d:6,Wegelagerer,,,,Non_1503_Wegelagerer.name,,
_work/Data/Scripts/content/Story/NPC/Non_1504_Wegelagerer.d:6,Wegelagerer,,,,Non_1504_Wegelagerer.name,,
_work/Data/Scripts/content/Story/NPC/Nov_1300_Talas.d:4,Talas,,,,NOV_1300_Talas.name,,
_work/Data/Scripts/content/Story/NPC/Nov_1301_Caine.d:4,Caine,,,,NOV_1301_Caine.name,,
_work/Data/Scripts/content/Story/NPC/Nov_1302_Viran.d:4,Viran,,,,NOV_1302_Viran.name,,
_work/Data/Scripts/content/Story/NPC/Nov_1303_Nyras.d:4,Nyras,,,,NOV_1303_Nyras.name,,
_work/Data/Scripts/content/Story/NPC/Nov_1304_Balor.d:4,Balor,,,,NOV_1304_Balor.name,,
_work/Data/Scripts/content/Story/NPC/Nov_1305_Joru.d:4,Joru,,,,NOV_1305_Joru.name,,
_work/Data/Scripts/content/Story/NPC/Nov_1310_Ghorim.d:4,Ghorim,,,,NOV_1310_Ghorim.name,,
_work/Data/Scripts/content/Story/NPC/Nov_1312_Darrion.d:4,Darrion,,,,NOV_1312_Darrion.name,,
_work/Data/Scripts/content/Story/NPC/Nov_1330_BaalParvez.d:4,Baal Parvez,,,,NOV_1330_BaalParvez.name,,
_work/Data/Scripts/content/Story/NPC/Nov_1331_BaalTaran.d:4,Baal Taran,,,,NOV_1331_BaalTaran.name,,
_work/Data/Scripts/content/Story/NPC/Nov_1332_BaalKagan.d:4,Baal Kagan,,,,NOV_1332_BaalKagan.name,,
_work/Data/Scripts/content/Story/NPC/Nov_1333_BaalIsidro.d:4,Baal Isidro,,,,NOV_1333_BaalIsidro.name,,
_work/Data/Scripts/content/Story/NPC/Nov_1356_Shrat.d:4,Shrat,,,,NOV_1356_Shrat.name,,
_work/Data/Scripts/content/Story/NPC/Nov_1357_Fortuno.d:4,Fortuno,,,,NOV_1357_Fortuno.name,,
_work/Data/Scripts/content/Story/NPC/Nov_1358_Harlok.d:4,Harlok,,,,NOV_1358_Harlok.name,,
_work/Data/Scripts/content/Story/NPC/Nov_1371_BaalNetbek.d:4,Baal Netbek,,,,NOV_1371_BaalNetbek.name,,
_work/Data/Scripts/content/Story/NPC/ORC_Freemine.d:61,Ork Sklave,,,,FreemineOrc.name,,
_work/Data/Scripts/content/Story/NPC/ORC_Priests.d:8,Varrag-Hashor,,,,ORC_Priest_1.name,,
_work/Data/Scripts/content/Story/NPC/ORC_Priests.d:68,Varrag-Kasorg,,,,ORC_Priest_2.name,,
_work/Data/Scripts/content/Story/NPC/ORC_Priests.d:127,Varrag-Unhilqt,,,,ORC_Priest_3.name,,
_work/Data/Scripts/content/Story/NPC/ORC_Priests.d:188,Varrag-Ruuushk,,,,ORC_Priest_4.name,,
_work/Data/Scripts/content/Story/NPC/ORC_Priests.d:248,Grash-Varrag-Arushat,,,,ORC_Priest_5.name,,
_work/Data/Scripts/content/Story/NPC/ORC_Shaman.d:4,Ur-Shak,,,,ORC_2200_Shaman.name,,
_work/Data/Scripts/content/Story/NPC/ORC_Slaves.d:8,Ork Sklave,,,,Orc_2001_Sklave.name,,
_work/Data/Scripts/content/Story/NPC/ORC_Slaves.d:63,Ork Sklave,,,,Orc_2002_Sklave.name,,
_work/Data/Scripts/content/Story/NPC/ORG_801_Lares.d:5,Lares,,,,ORG_801_Lares.name,,
_work/Data/Scripts/content/Story/NPC/ORG_818_Ratford.d:5,Ratford,,,,ORG_818_Ratford.name,,
_work/Data/Scripts/content/Story/NPC/ORG_819_Drax.d:5,Drax,,,,ORG_819_Drax.name,,
_work/Data/Scripts/content/Story/NPC/ORG_826_Mordrag.d:5,Mordrag,,,,ORG_826_Mordrag.name,,
_work/Data/Scripts/content/Story/NPC/ORG_828_Bruce.d:5,Bruce,,,,ORG_828_Bruce.name,,
_work/Data/Scripts/content/Story/NPC/ORG_833_Buster.d:5,Buster,,,,ORG_833_Buster.name,,
_work/Data/Scripts/content/Story/NPC/ORG_840_Roscoe.d:5,Roscoe,,,,ORG_840_Roscoe.name,,
_work/Data/Scripts/content/Story/NPC/ORG_841_Silas.d:6,Silas,,,,ORG_841_Silas.name,,
_work/Data/Scripts/content/Story/NPC/ORG_842_Shrike.d:5,Shrike,,,,ORG_842_Shrike.name,,
_work/Data/Scripts/content/Story/NPC/ORG_843_Sharky.d:5,Sharky,,,,ORG_843_Sharky.name,,
_work/Data/Scripts/content/Story/NPC/ORG_844_Lefty.d:5,Lefty,,,,ORG_844_Lefty.name,,
_work/Data/Scripts/content/Story/NPC/ORG_850_Wedge.d:5,Wedge,,,,ORG_850_Wedge.name,,
_work/Data/Scripts/content/Story/NPC/ORG_851_Butch.d:5,Butch,,,,ORG_851_Butch.name,,
_work/Data/Scripts/content/Story/NPC/ORG_855_Wolf.d:5,Wolf,,,,ORG_855_Wolf.name,,
_work/Data/Scripts/content/Story/NPC/ORG_857_Calash.d:5,Calash,,,,ORG_857_Calash.name,,
_work/Data/Scripts/content/Story/NPC/ORG_858_Quentin.d:5,Quentin,,,,ORG_858_Quentin.name,,
_work/Data/Scripts/content/Story/NPC/ORG_859_Aidan.d:5,Aidan,,,,ORG_859_Aidan.name,,
_work/Data/Scripts/content/Story/NPC/ORG_860_Renyu.d:5,Krautmischer,,,,ORG_860_Renyu.name,,
_work/Data/Scripts/content/Story/NPC/ORG_861_Killian.d:5,Krautmischer,,,,ORG_861_Killian.name,,
_work/Data/Scripts/content/Story/NPC/ORG_862_Jacko.d:5,Jacko,,,,ORG_862_Jacko.name,,
_work/Data/Scripts/content/Story/NPC/ORG_873_Cipher.d:5,Cipher,,,,ORG_873_Cipher.name,,
_work/Data/Scripts/content/Story/NPC/ORG_888_Erpresser.d:5,Erpresser,,,,ORG_888_Erpresser.name,,
_work/Data/Scripts/content/Story/NPC/ORG_889_CoErpresser.d:5,Co Erpresser,,,,ORG_889_CoErpresser.name,,
_work/Data/Scripts/content/Story/NPC/PC_Fighter.d:5,Gorn,,,,PC_Fighter.name,,
_work/Data/Scripts/content/Story/NPC/PC_Fighter.d:185,Gorn,,,,PC_FighterFM.name,,
_work/Data/Scripts/content/Story/NPC/PC_Hero.d:6,Ich,,,,PC_Hero.name,,
_work/Data/Scripts/content/Story/NPC/PC_Hero.d:47,Ich,,,,PC_Hero_L2.name,,
_work/Data/Scripts/content/Story/NPC/PC_Hero.d:103,Ich,,,,PC_Hero_L5.name,,
_work/Data/Scripts/content/Story/NPC/PC_Hero.d:154,Ich,,,,PC_Hero_L7.name,,
_work/Data/Scripts/content/Story/NPC/PC_Hero.d:211,Ich,,,,PC_Hero_L11.name,,
_work/Data/Scripts/content/Story/NPC/PC_Hero.d:265,Ich,,,,PC_Hero_L13.name,,
_work/Data/Scripts/content/Story/NPC/PC_Hero.d:319,worn out sword,,,,HeroSword13.name,,
_work/Data/Scripts/content/Story/NPC/PC_Hero.d:336,sword,,,,HeroSword20.name,,
_work/Data/Scripts/content/Story/NPC/PC_Hero.d:353,sword,,,,HeroSword25.name,,
_work/Data/Scripts/content/Story/NPC/PC_Hero.d:370,Longbow,,,,HeroBow13.name,,
_work/Data/Scripts/content/Story/NPC/PC_Hero.d:395,XP Map,,,,XP_Map.name,,
_work/Data/Scripts/content/Story/NPC/PC_Hero.d:414,+1000 Erz,,,,,,PrintScreen call.
_work/Data/Scripts/content/Story/NPC/PC_Mage.d:4,Milten,,,,PC_Mage.name,,
_work/Data/Scripts/content/Story/NPC/PC_Psionic.d:5,Lester,,,,PC_Psionic.name,,
_work/Data/Scripts/content/Story/NPC/PC_Rockefeller.d:5,Rockefeller,,,,PC_Rockefeller.name,,
_work/Data/Scripts/content/Story/NPC/PC_Thief.d:5,Diego,,,,PC_Thief.name,,
_work/Data/Scripts/content/Story/NPC/SFB_1000_Senyan.d:5,Senyan,,,,SFB_1000_Senyan.name,,
_work/Data/Scripts/content/Story/NPC/SFB_1037_Swiney.d:5,Swiney,,,,SFB_1037_Swiney.name,,
_work/Data/Scripts/content/Story/NPC/SLD_700_Lee.d:5,Lee,,,,SLD_700_Lee.name,,
_work/Data/Scripts/content/Story/NPC/SLD_701_Orik.d:5,Orik,,,,SLD_701_Orik.name,,
_work/Data/Scripts/content/Story/NPC/SLD_704_Blade.d:5,Blade,,,,SLD_704_Blade.name,,
_work/Data/Scripts/content/Story/NPC/SLD_709_Cord.d:5,Cord,,,,SLD_709_Cord.name,,
_work/Data/Scripts/content/Story/NPC/SLD_728_Jarvis.d:5,Jarvis,,,,SLD_728_Jarvis.name,,
_work/Data/Scripts/content/Story/NPC/SLD_729_Kharim.d:5,Kharim,,,,SLD_729_Kharim.name,,
_work/Data/Scripts/content/Story/NPC/SLD_737_Torlof.d:5,Torlof,,,,SLD_737_Torlof.name,,
_work/Data/Scripts/content/Story/NPC/SLD_752_Okyl.d:5,Okyl,,,,SLD_752_Okyl.name,,
_work/Data/Scripts/content/Story/NPC/SLD_753_Baloro.d:5,Baloro,,,,SLD_753_Baloro.name,,
_work/Data/Scripts/content/Story/NPC/Stt_300_Alberto.d:4,Alberto,,,,STT_300_Alberto.name,,
_work/Data/Scripts/content/Story/NPC/Stt_301_Ian.d:4,Ian,,,,STT_301_Ian.name,,
_work/Data/Scripts/content/Story/NPC/Stt_302_Viper.d:4,Viper,,,,STT_302_Viper.name,,
_work/Data/Scripts/content/Story/NPC/Stt_309_Whistler.d:4,Whistler,,,,Stt_309_Whistler.name,,
_work/Data/Scripts/content/Story/NPC/Stt_311_Fisk.d:4,Fisk,,,,STT_311_Fisk.name,,
_work/Data/Scripts/content/Story/NPC/Stt_315_Sly.d:4,Sly,,,,STT_315_Sly.name,,
_work/Data/Scripts/content/Story/NPC/Stt_324_Balam.d:4,Balam,,,,STT_324_Balam.name,,
_work/Data/Scripts/content/Story/NPC/Stt_325_Omid.d:4,Omid,,,,STT_325_Omid.name,,
_work/Data/Scripts/content/Story/NPC/Stt_329_Dexter.d:4,Dexter,,,,STT_329_Dexter.name,,
_work/Data/Scripts/content/Story/NPC/Stt_331_Fingers.d:4,Fingers,,,,STT_331_Fingers.name,,
_work/Data/Scripts/content/Story/NPC/Stt_335_Santino.d:4,Santino,,,,STT_335_Santino.name,,
_work/Data/Scripts/content/Story/NPC/Stt_336_Cavalorn.d:4,Cavalorn,,,,STT_336_Cavalorn.name,,
_work/Data/Scripts/content/Story/NPC/TPL_1455_GorBoba.d:4,Gor Boba,,,,TPL_1455_GorBoba.name,,
_work/Data/Scripts/content/Story/NPC/Tpl_1400_GorNaBar.d:4,Gor Na Bar,,,,TPL_1400_GorNaBar.name,,
_work/Data/Scripts/content/Story/NPC/Tpl_1401_GorNaKosh.d:5,Gor Na Kosh,,,,TPL_1401_GorNaKosh.name,,
_work/Data/Scripts/content/Story/NPC/Tpl_1402_GorNaToth.d:4,Gor Na Toth,,,,TPL_1402_GorNaToth.name,,
_work/Data/Scripts/content/Story/NPC/Tpl_1405_GorNaRan.d:4,Gor Na Ran,,,,TPL_1405_GorNaRan.name,,
_work/Data/Scripts/content/Story/NPC/Tpl_1406_Templer.d:4,Kalom's Leibwache,,,,TPL_1406_Templer.name,,
_work/Data/Scripts/content/Story/NPC/Tpl_1422_GorHanis.d:4,Gor Hanis,,,,TPL_1422_GorHanis.name,,
_work/Data/Scripts/content/Story/NPC/Tpl_1433_GorNaVid.d:4,Gor Na Vid,,,,TPL_1433_GorNaVid.name,,
_work/Data/Scripts/content/Story/NPC/Tpl_1436_Templer.d:4,Templer,,,,TPL_1436_Templer.name,,
_work/Data/Scripts/content/Story/NPC/Tpl_1437_Templer.d:4,Templer,,,,TPL_1437_Templer.name,,
_work/Data/Scripts/content/Story/NPC/Tpl_1438_Templer.d:4,Templer,,,,TPL_1438_Templer.name,,
_work/Data/Scripts/content/Story/NPC/Tpl_1439_GorNaDrak.d:4,Gor Na Drak,,,,TPL_1439_GorNaDrak.name,,
_work/Data/Scripts/content/Story/NPC/VLK_511_Herek.d:5,Herek,,,,VLK_511_Herek.name,,
_work/Data/Scripts/content/Story/NPC/VLK_524_Dusty.d:5,Dusty,,,,VLK_524_Dusty.name,,
_work/Data/Scripts/content/Story/NPC/VLK_530_Guy.d:5,Guy,,,,VLK_530_Guy.name,,
_work/Data/Scripts/content/Story/NPC/VLK_536_Kyle.d:5,Kyle,,,,VLK_536_Kyle.name,,
_work/Data/Scripts/content/Story/NPC/VLK_538_Huno.d:5,Huno,,,,VLK_538_Huno.name,,
_work/Data/Scripts/content/Story/NPC/VLK_564_Jesse.d:5,Jesse,,,,VLK_564_Jesse.name,,
_work/Data/Scripts/content/Story/NPC/VLK_572_Gravo.d:5,Gravo,,,,VLK_572_Gravo.name,,
_work/Data/Scripts/content/Story/NPC/VLK_573_Graham.d:5,Graham,,,,VLK_573_Graham.name,,
_work/Data/Scripts/content/Story/NPC/VLK_574_Mud.d:5,Mud,,,,VLK_574_Mud.name,,
_work/Data/Scripts/content/Story/NPC/VLK_580_Grim.d:5,Grim,,,,VLK_580_Grim.name,,
_work/Data/Scripts/content/Story/NPC/VLK_582_Melvin.d:5,Melvin,,,,VLK_582_Melvin.name,,
_work/Data/Scripts/content/Story/NPC/VLK_583_Glen.d:5,Glen,,,,VLK_583_Glen.name,,
_work/Data/Scripts/content/Story/NPC/VLK_584_Snipes.d:5,Snipes,,,,VLK_584_Snipes.name,,
_work/Data/Scripts/content/Story/NPC/VLK_585_Aleph.d:5,Aleph,,,,VLK_585_Aleph.name,,
_work/Data/Scripts/content/Story/NPC/VLK_586_Grimes.d:5,Grimes,,,,VLK_586_Grimes.name,,
_work/Data/Scripts/content/Story/NPC/VLK_587_Garp.d:5,Garp,,,,VLK_587_Garp.name,,
_work/Data/Scripts/content/Story/NPC/Vlk_581_Snaf.d:4,Snaf,,,,VLK_581_Snaf.name,,
_work/Data/Scripts/content/Story/Text.d:6,Kiste,,,,MOBNAME_CRATE,,
_work/Data/Scripts/content/Story/Text.d:7,Truhe,,,,MOBNAME_CHEST,,
_work/Data/Scripts/content/Story/Text.d:8,Bett,,,,MOBNAME_BED,,
_work/Data/Scripts/content/Story/Text.d:9,Tür,,,,MOBNAME_DOOR,,
_work/Data/Scripts/content/Story/Text.d:16,Amboss,,,,MOBNAME_ANVIL,,
_work/Data/Scripts/content/Story/Text.d:17,Wasser-Eimer,,,,MOBNAME_BUCKET,,
_work/Data/Scripts/content/Story/Text.d:18,Schmiede-Feuer,,,,MOBNAME_FORGE,,
_work/Data/Scripts/content/Story/Text.d:19,Schleifstein,,,,MOBNAME_GRINDSTONE,,
_work/Data/Scripts/content/Story/Text.d:20,Winde,,,,MOBNAME_WHEEL,,
_work/Data/Scripts/content/Story/Text.d:24,Kessel,,,,MOBNAME_CAULDRON,,
_work/Data/Scripts/content/Story/Text.d:26,Pfanne,,,,MOBNAME_PAN,,
_work/Data/Scripts/content/Story/Text.d:28,Wasserpfeife,,,,MOBNAME_WATERPIPE,,
_work/Data/Scripts/content/Story/Text.d:29,Leiter,,,,MOBNAME_LADDER,,
_work/Data/Scripts/content/Story/Text.d:30,Schalter,,,,MOBNAME_SWITCH,,
_work/Data/Scripts/content/Story/Text.d:32,Erzklumpen,,,,MOBNAME_ORE,,
_work/Data/Scripts/content/Story/Text.d:35,Blasebalg,,,,MOBNAME_BELLOW,,
_work/Data/Scripts/content/Story/Text.d:37,Mumie,,,,MOBNAME_ORC_MUMMY,,
_work/Data/Scripts/content/Story/Text.d:38,Säule,,,,MOBNAME_PILLAR,,
_work/Data/Scripts/content/Story/Text.d:41,n/a,,,,MOBNAME_GROUND_SLOT,,
_work/Data/Scripts/content/Story/Text.d:42,Krautstampfer,,,,MOBNAME_HERB_PSI,,
_work/Data/Scripts/content/Story/Text.d:43,Statuette,,,,MOBNAME_IDOL,,
_work/Data/Scripts/content/Story/Text.d:46,Zielscheibe,,,,MOBNAME_TARGETSTONE,,
_work/Data/Scripts/content/Story/Text.d:47,Orkischer Herzschrein,,,,MOBNAME_SHRINE,,
_work/Data/Scripts/content/Story/Text.d:48,Sonderbarer Stein,,,,MOBNAME_SWORDSTONE,,
_work/Data/Scripts/content/Story/Text.d:58,(keine),,,,TXT_GUILDS[0],,
_work/Data/Scripts/content/Story/Text.d:59,Erzbaron,,,,TXT_GUILDS[1],,
_work/Data/Scripts/content/Story/Text.d:60,Gardist,,,,TXT_GUILDS[2],,
_work/Data/Scripts/content/Story/Text.d:61,Schatten,,,,TXT_GUILDS[3],,
_work/Data/Scripts/content/Story/Text.d:62,Feuermagier,,,,TXT_GUILDS[4],,
_work/Data/Scripts/content/Story/Text.d:63,Buddler,,,,TXT_GUILDS[5],,
_work/Data/Scripts/content/Story/Text.d:64,Wassermagier,,,,TXT_GUILDS[6],,
_work/Data/Scripts/content/Story/Text.d:65,Söldner,,,,TXT_GUILDS[7],,
_work/Data/Scripts/content/Story/Text.d:66,Bandit,,,,TXT_GUILDS[8],,
_work/Data/Scripts/content/Story/Text.d:67,Bauer,,,,TXT_GUILDS[9],,
_work/Data/Scripts/content/Story/Text.d:68,Schürfer,,,,TXT_GUILDS[10],,
_work/Data/Scripts/content/Story/Text.d:69,Guru,,,,TXT_GUILDS[11],,
_work/Data/Scripts/content/Story/Text.d:70,Novize,,,,TXT_GUILDS[12],,
_work/Data/Scripts/content/Story/Text.d:71,Templer,,,,TXT_GUILDS[13],,
_work/Data/Scripts/content/Story/Text.d:72,Dämonenbeschw.,,,,TXT_GUILDS[14],,
_work/Data/Scripts/content/Story/Text.d:73,Babe,,,,TXT_GUILDS[15],,
_work/Data/Scripts/content/Story/Text.d:75,Waran,,,,TXT_GUILDS[17],,
_work/Data/Scripts/content/Story/Text.d:76,Sleeper,,,,TXT_GUILDS[18],,
_work/Data/Scripts/content/Story/Text.d:77,Goblin,,,,TXT_GUILDS[19],,
_work/Data/Scripts/content/Story/Text.d:78,Troll,,,,TXT_GUILDS[20],,
_work/Data/Scripts/content/Story/Text.d:79,Snapper,,,,TXT_GUILDS[21],,
_work/Data/Scripts/content/Story/Text.d:80,Minecrawler,,,,TXT_GUILDS[22],,
_work/Data/Scripts/content/Story/Text.d:81,Fleischwanze,,,,TXT_GUILDS[23],,
_work/Data/Scripts/content/Story/Text.d:82,Scavenger,,,,TXT_GUILDS[24],,
_work/Data/Scripts/content/Story/Text.d:83,Dämon,,,,TXT_GUILDS[25],,
_work/Data/Scripts/content/Story/Text.d:84,Wolf,,,,TXT_GUILDS[26],,
_work/Data/Scripts/content/Story/Text.d:85,Schattenläufer,,,,TXT_GUILDS[27],,
_work/Data/Scripts/content/Story/Text.d:86,Bloodfly,,,,TXT_GUILDS[28],,
_work/Data/Scripts/content/Story/Text.d:87,Sumpfhai,,,,TXT_GUILDS[29],,
_work/Data/Scripts/content/Story/Text.d:88,Zombie,,,,TXT_GUILDS[30],,
_work/Data/Scripts/content/Story/Text.d:89,Zombie	Orc,,,,TXT_GUILDS[31],,
_work/Data/Scripts/content/Story/Text.d:90,Skelett,,,,TXT_GUILDS[32],,
_work/Data/Scripts/content/Story/Text.d:91,Ork-Hund,,,,TXT_GUILDS[33],,
_work/Data/Scripts/content/Story/Text.d:92,Molerat,,,,TXT_GUILDS[34],,
_work/Data/Scripts/content/Story/Text.d:93,Golem,,,,TXT_GUILDS[35],,
_work/Data/Scripts/content/Story/Text.d:94,Lurker,,,,TXT_GUILDS[36],,
_work/Data/Scripts/content/Story/Text.d:96,Orc Schamane,,,,TXT_GUILDS[38],,
_work/Data/Scripts/content/Story/Text.d:97,Orc Krieger,,,,TXT_GUILDS[39],,
_work/Data/Scripts/content/Story/Text.d:98,Orc Späher,,,,TXT_GUILDS[40],,
_work/Data/Scripts/content/Story/Text.d:99,Orc Sklave,,,,TXT_GUILDS[41],,
_work/Data/Scripts/content/Story/Text.d:136,Licht,,,,TXT_SPELLS[0],,
_work/Data/Scripts/content/Story/Text.d:137,Feuerball,,,,TXT_SPELLS[1],,
_work/Data/Scripts/content/Story/Text.d:138,n/a,,,,TXT_SPELLS[2],,
_work/Data/Scripts/content/Story/Text.d:139,Angst,,,,TXT_SPELLS[3],,
_work/Data/Scripts/content/Story/Text.d:140,Heilung,,,,TXT_SPELLS[4],,
_work/Data/Scripts/content/Story/Text.d:141,n/a,,,,TXT_SPELLS[5],,
_work/Data/Scripts/content/Story/Text.d:142,Dämon beschwören,,,,TXT_SPELLS[6],,
_work/Data/Scripts/content/Story/Text.d:143,Skelette beschwören,,,,TXT_SPELLS[7],,
_work/Data/Scripts/content/Story/Text.d:144,n/a,,,,TXT_SPELLS[8],,
_work/Data/Scripts/content/Story/Text.d:145,Windfaust,,,,TXT_SPELLS[9],,
_work/Data/Scripts/content/Story/Text.d:146,Telekinese,,,,TXT_SPELLS[10],,
_work/Data/Scripts/content/Story/Text.d:147,Charme,,,,TXT_SPELLS[11],,
_work/Data/Scripts/content/Story/Text.d:148,Schlaf,,,,TXT_SPELLS[12],,
_work/Data/Scripts/content/Story/Text.d:149,Pyrokinese,,,,TXT_SPELLS[13],,
_work/Data/Scripts/content/Story/Text.d:150,Todesring,,,,TXT_SPELLS[14],,
_work/Data/Scripts/content/Story/Text.d:151,Kontrolle,,,,TXT_SPELLS[15],,
_work/Data/Scripts/content/Story/Text.d:152,Untote vernichten,,,,TXT_SPELLS[16],,
_work/Data/Scripts/content/Story/Text.d:153,Feuerpfeil,,,,TXT_SPELLS[17],,
_work/Data/Scripts/content/Story/Text.d:154,Feuersturm,,,,TXT_SPELLS[18],,
_work/Data/Scripts/content/Story/Text.d:155,Feuerregen,,,,TXT_SPELLS[19],,
_work/Data/Scripts/content/Story/Text.d:156,n/a,,,,TXT_SPELLS[20],,
_work/Data/Scripts/content/Story/Text.d:157,Teleport Feuermagier,,,,TXT_SPELLS[21],,
_work/Data/Scripts/content/Story/Text.d:158,Teleport Wassermagier,,,,TXT_SPELLS[22],,
_work/Data/Scripts/content/Story/Text.d:159,Teleport Dämonenbeschwörer,,,,TXT_SPELLS[23],,
_work/Data/Scripts/content/Story/Text.d:160,orkischer Teleport,,,,TXT_SPELLS[24],,
_work/Data/Scripts/content/Story/Text.d:161,Teleport Sumpflager,,,,TXT_SPELLS[25],,
_work/Data/Scripts/content/Story/Text.d:162,Verwandlung Blutfliege,,,,TXT_SPELLS[26],,
_work/Data/Scripts/content/Story/Text.d:163,n/a,,,,TXT_SPELLS[27],,
_work/Data/Scripts/content/Story/Text.d:164,Verwandlung Minecrawler,,,,TXT_SPELLS[28],,
_work/Data/Scripts/content/Story/Text.d:165,Verwandlung Lurker,,,,TXT_SPELLS[29],,
_work/Data/Scripts/content/Story/Text.d:166,Verwandlung Fleischwanze,,,,TXT_SPELLS[30],,
_work/Data/Scripts/content/Story/Text.d:167,Verwandlung Molerat,,,,TXT_SPELLS[31],,
_work/Data/Scripts/content/Story/Text.d:168,Verwandlung Orc-Hund,,,,TXT_SPELLS[32],,
_work/Data/Scripts/content/Story/Text.d:169,n/a,,,,TXT_SPELLS[33],,
_work/Data/Scripts/content/Story/Text.d:170,Verwandlung Scavenger,,,,TXT_SPELLS[34],,
_work/Data/Scripts/content/Story/Text.d:171,n/a,,,,TXT_SPELLS[35],,
_work/Data/Scripts/content/Story/Text.d:172,Verwandlung Schattenläufer,,,,TXT_SPELLS[36],,
_work/Data/Scripts/content/Story/Text.d:173,Verwandlung Snapper,,,,TXT_SPELLS[37],,
_work/Data/Scripts/content/Story/Text.d:174,Verwandlung Waran,,,,TXT_SPELLS[38],,
_work/Data/Scripts/content/Story/Text.d:175,Verwandlung Wolf,,,,TXT_SPELLS[39],,
_work/Data/Scripts/content/Story/Text.d:176,Blitz,,,,TXT_SPELLS[40],,
_work/Data/Scripts/content/Story/Text.d:177,Eispfeil,,,,TXT_SPELLS[41],,
_work/Data/Scripts/content/Story/Text.d:178,Kugelblitz,,,,TXT_SPELLS[42],,
_work/Data/Scripts/content/Story/Text.d:179,Eisblock,,,,TXT_SPELLS[43],,
_work/Data/Scripts/content/Story/Text.d:180,Eiswelle,,,,TXT_SPELLS[44],,
_work/Data/Scripts/content/Story/Text.d:181,Golem beschwören,,,,TXT_SPELLS[45],,
_work/Data/Scripts/content/Story/Text.d:182,Armee der Finsternis,,,,TXT_SPELLS[46],,
_work/Data/Scripts/content/Story/Text.d:183,Sturmfaust,,,,TXT_SPELLS[47],,
_work/Data/Scripts/content/Story/Text.d:184,n/a,,,,TXT_SPELLS[48],,
_work/Data/Scripts/content/Story/Text.d:185,Todeshauch,,,,TXT_SPELLS[49],,
_work/Data/Scripts/content/Story/Text.d:186,Schrumpfen,,,,TXT_SPELLS[50],,
_work/Data/Scripts/content/Story/Text.d:187,n/a,,,,TXT_SPELLS[51],,
_work/Data/Scripts/content/Story/Text.d:188,n/a,,,,TXT_SPELLS[52],,
_work/Data/Scripts/content/Story/Text.d:189,Raserei,,,,TXT_SPELLS[53],,
_work/Data/Scripts/content/Story/Text.d:190,Zorn des URIZIEL,,,,TXT_SPELLS[54],,
_work/Data/Scripts/content/Story/Text.d:191,New2,,,,TXT_SPELLS[55],,
_work/Data/Scripts/content/Story/Text.d:192,New3,,,,TXT_SPELLS[56],,
_work/Data/Scripts/content/Story/Text.d:193,New4,,,,TXT_SPELLS[57],,
_work/Data/Scripts/content/Story/Text.d:194,New5,,,,TXT_SPELLS[58],,
_work/Data/Scripts/content/Story/Text.d:270,Einhänder,,,,TXT_TALENTS[1],,
_work/Data/Scripts/content/Story/Text.d:271,Zweihänder,,,,TXT_TALENTS[2],,
_work/Data/Scripts/content/Story/Text.d:272,Bogen,,,,TXT_TALENTS[3],,
_work/Data/Scripts/content/Story/Text.d:273,Armbrust,,,,TXT_TALENTS[4],,
_work/Data/Scripts/content/Story/Text.d:274,Schlösser öffnen,,,,TXT_TALENTS[5],,
_work/Data/Scripts/content/Story/Text.d:275,Taschendiebstahl,,,,TXT_TALENTS[6],,
_work/Data/Scripts/content/Story/Text.d:276,Magie,,,,TXT_TALENTS[7],,
_work/Data/Scripts/content/Story/Text.d:277,Schleichen,,,,TXT_TALENTS[8],,
_work/Data/Scripts/content/Story/Text.d:278,Regeneration,,,,TXT_TALENTS[9],,
_work/Data/Scripts/content/Story/Text.d:279,Meister des Feuers,,,,TXT_TALENTS[10],,
_work/Data/Scripts/content/Story/Text.d:280,Akrobatik,,,,TXT_TALENTS[11],,
_work/Data/Scripts/content/Story/Text.d:305,ungeübt|ausgebildet|gemeistert,,,,TXT_TALENTS_SKILLS[1],,
_work/Data/Scripts/content/Story/Text.d:306,ungeübt|ausgebildet|gemeistert,,,,TXT_TALENTS_SKILLS[2],,
_work/Data/Scripts/content/Story/Text.d:307,ungeübt|ausgebildet|gemeistert,,,,TXT_TALENTS_SKILLS[3],,
_work/Data/Scripts/content/Story/Text.d:308,ungeübt|ausgebildet|gemeistert,,,,TXT_TALENTS_SKILLS[4],,
_work/Data/Scripts/content/Story/Text.d:309,ungeübt|ausgebildet|gemeistert,,,,TXT_TALENTS_SKILLS[5],,
_work/Data/Scripts/content/Story/Text.d:310,ungeübt|ausgebildet|gemeistert,,,,TXT_TALENTS_SKILLS[6],,
_work/Data/Scripts/content/Story/Text.d:311,nein|1.Kreis|2.Kreis|3.Kreis|4.Kreis|5.Kreis|6.Kreis,,,,TXT_TALENTS_SKILLS[7],,
_work/Data/Scripts/content/Story/Text.d:312,nein|ja,,,,TXT_TALENTS_SKILLS[8],,
_work/Data/Scripts/content/Story/Text.d:313,|,,,,TXT_TALENTS_SKILLS[9],,
_work/Data/Scripts/content/Story/Text.d:314,|,,,,TXT_TALENTS_SKILLS[10],,
_work/Data/Scripts/content/Story/Text.d:315,nein|ja,,,,TXT_TALENTS_SKILLS[11],,
_work/Data/Scripts/content/Story/Text.d:324,Waffen,,,,TXT_INV_CAT[1],,
_work/Data/Scripts/content/Story/Text.d:325,Rüstungen,,,,TXT_INV_CAT[2],,
_work/Data/Scripts/content/Story/Text.d:326,Magie,,,,TXT_INV_CAT[3],,
_work/Data/Scripts/content/Story/Text.d:327,Artefakte,,,,TXT_INV_CAT[4],,
_work/Data/Scripts/content/Story/Text.d:328,Nahrung,,,,TXT_INV_CAT[5],,
_work/Data/Scripts/content/Story/Text.d:329,Tränke,,,,TXT_INV_CAT[6],,
_work/Data/Scripts/content/Story/Text.d:330,Schriften,,,,TXT_INV_CAT[7],,
_work/Data/Scripts/content/Story/Text.d:331,Verschiedenes,,,,TXT_INV_CAT[8],,
_work/Data/Scripts/content/Story/Text.d:339,Buddler,,,,NAME_Buddler,,
_work/Data/Scripts/content/Story/Text.d:340,Schatten,,,,NAME_Schatten,,
_work/Data/Scripts/content/Story/Text.d:341,Konvoi Träger,,,,NAME_ConvoiTraeger,,
_work/Data/Scripts/content/Story/Text.d:342,Konvoi Wache,,,,NAME_ConvoiWache,,
_work/Data/Scripts/content/Story/Text.d:343,Torwache,,,,NAME_Torwache,,
_work/Data/Scripts/content/Story/Text.d:344,Brückenwache,,,,NAME_Brueckenwache,,
_work/Data/Scripts/content/Story/Text.d:345,Gardist,,,,NAME_Gardist,,
_work/Data/Scripts/content/Story/Text.d:346,Bauer,,,,NAME_Bauer,,
_work/Data/Scripts/content/Story/Text.d:347,Schläger,,,,NAME_Schlaeger,,
_work/Data/Scripts/content/Story/Text.d:348,Schürfer,,,,NAME_Schuerfer,,
_work/Data/Scripts/content/Story/Text.d:349,Bandit,,,,NAME_Organisator,,
_work/Data/Scripts/content/Story/Text.d:350,Söldner,,,,NAME_Soeldner,,
_work/Data/Scripts/content/Story/Text.d:351,Novize,,,,NAME_Novize,,
_work/Data/Scripts/content/Story/Text.d:352,Templer,,,,NAME_Templer,,
_work/Data/Scripts/content/Story/Text.d:353,Räuber,,,,NAME_Raeuber,,
_work/Data/Scripts/content/Story/Text.d:354,Rausschmeisser,,,,NAME_Tuersteher,,
_work/Data/Scripts/content/Story/Text.d:356,Bessessener Novize,,,,NAME_MadNovice,,
_work/Data/Scripts/content/Story/Text.d:357,Fanatischer Templer,,,,NAME_MadTemplar,,
_work/Data/Scripts/content/Story/Text.d:358,Apokalyptischer Templer,,,,NAME_MadTemplar2,,
_work/Data/Scripts/content/Story/Text.d:365,ENDE,,,,DIALOG_ENDE,,
_work/Data/Scripts/content/Story/Text.d:366,ZURÜCK,,,,DIALOG_BACK,,
_work/Data/Scripts/content/Story/Text.d:367,(Tauschen),,,,DIALOG_TRADE,,
_work/Data/Scripts/content/Story/Text.d:373,Ring,,,,NAME_Ring,,
_work/Data/Scripts/content/Story/Text.d:374,Amulett,,,,NAME_Amulett,,
_work/Data/Scripts/content/Story/Text.d:375,Trank,,,,NAME_Trank,,
_work/Data/Scripts/content/Story/Text.d:376,Rune,,,,NAME_Rune,,
_work/Data/Scripts/content/Story/Text.d:377,Spruchrolle,,,,NAME_Spruchrolle,,
_work/Data/Scripts/content/Story/Text.d:384,Wert:,,,,NAME_Value,,
_work/Data/Scripts/content/Story/Text.d:386,Kreis:,,,,NAME_Mag_Circle,,
_work/Data/Scripts/content/Story/Text.d:387,Manakosten:,,,,NAME_Manakosten,,
_work/Data/Scripts/content/Story/Text.d:388,Manakosten (max.):,,,,NAME_ManakostenMax,,
_work/Data/Scripts/content/Story/Text.d:389,Mana pro Sec.,,,,NAME_ManaPerSec,,
_work/Data/Scripts/content/Story/Text.d:390,Dauer (Minuten),,,,NAME_Duration,,
_work/Data/Scripts/content/Story/Text.d:392,benötigtes Mana:,,,,NAME_Mana_needed,,
_work/Data/Scripts/content/Story/Text.d:393,benötigte Stärke:,,,,NAME_Str_needed,,
_work/Data/Scripts/content/Story/Text.d:394,benötigte Geschicklichkeit:,,,,NAME_Dex_needed,,
_work/Data/Scripts/content/Story/Text.d:396,Aufladbarer Zauber,,,,NAME_Spell_Load,,
_work/Data/Scripts/content/Story/Text.d:397,Aufrechterhaltungs-Zauber,,,,NAME_Spell_Invest,,
_work/Data/Scripts/content/Story/Text.d:399,Waffenschaden,,,,NAME_Dam_Edge,,
_work/Data/Scripts/content/Story/Text.d:400,Pfeilschaden,,,,NAME_Dam_Point,,
_work/Data/Scripts/content/Story/Text.d:401,Feuerschaden,,,,NAME_Dam_Fire,,
_work/Data/Scripts/content/Story/Text.d:402,Magieschaden,,,,NAME_Dam_Magic,,
_work/Data/Scripts/content/Story/Text.d:403,Wirbelschaden,,,,NAME_Dam_Fly,,
_work/Data/Scripts/content/Story/Text.d:405,Schaden,,,,NAME_Damage,,
_work/Data/Scripts/content/Story/Text.d:406," (pro Mana)",,,,NAME_PerMana,,
_work/Data/Scripts/content/Story/Text.d:407,Schaden pro Sec.,,,,NAME_DamagePerSec,,
_work/Data/Scripts/content/Story/Text.d:409,Schutz vor Waffen:,,,,NAME_Prot_Edge,,
_work/Data/Scripts/content/Story/Text.d:410,Schutz vor Pfeilen:,,,,NAME_Prot_Point,,
_work/Data/Scripts/content/Story/Text.d:411,Schutz vor Feuer:,,,,NAME_Prot_Fire,,
_work/Data/Scripts/content/Story/Text.d:412,Schutz vor Magie:,,,,NAME_Prot_Magic,,
_work/Data/Scripts/content/Story/Text.d:414,Lebensenergie-Bonus:,,,,NAME_Bonus_HP,,
_work/Data/Scripts/content/Story/Text.d:415,Mana-Bonus:,,,,NAME_Bonus_Mana,,
_work/Data/Scripts/content/Story/Text.d:417,Bonus für maximale Lebensenergie:,,,,NAME_Bonus_HpMax,,
_work/Data/Scripts/content/Story/Text.d:418,Bonus für maximales Mana:,,,,NAME_Bonus_ManaMax,,
_work/Data/Scripts/content/Story/Text.d:420,Geschicklichkeits-Bonus:,,,,NAME_Bonus_Dex,,
_work/Data/Scripts/content/Story/Text.d:421,Stärke-Bonus:,,,,NAME_Bonus_Str,,
_work/Data/Scripts/content/Story/Text.d:423,Einhandwaffe,,,,NAME_OneHanded,,
_work/Data/Scripts/content/Story/Text.d:424,Zweihandwaffe:,,,,NAME_TwoHanded,,
_work/Data/Scripts/content/Story/Text.d:428,Heilung pro Mana,,,,NAME_HealingPerMana,,
_work/Data/Scripts/content/Story/Text.d:430,Stärke + ,,,,NAME_BuyAttributeSTR,,
_work/Data/Scripts/content/Story/Text.d:431,Geschicklichkeit + ,,,,NAME_BuyAttributeDEX,,
_work/Data/Scripts/content/Story/Text.d:432,Mana + ,,,,NAME_BuyAttributeMAN,,
_work/Data/Scripts/content/Story/Text.d:437,Erfahrung + ,,,,NAME_XPGained,,
_work/Data/Scripts/content/Story/Text.d:438,Stufe gestiegen!,,,,NAME_LevelUp,,
_work/Data/Scripts/content/Story/Text.d:440,neuer Tagebucheintrag,,,,NAME_NewLogEntry,,
_work/Data/Scripts/content/Story/Text.d:448,(Unbekannt)-,,,,_STR_INVALID,,
_work/Data/Scripts/content/Story/Text.d:450,Lebens-,,,,_STR_ATTRIBUTE_HITPOINTS,,
_work/Data/Scripts/content/Story/Text.d:451,maximale Lebens-,,,,_STR_ATTRIBUTE_HITPOINTS_MAX,,
_work/Data/Scripts/content/Story/Text.d:452,Mana-,,,,_STR_ATTRIBUTE_MANA,,
_work/Data/Scripts/content/Story/Text.d:453,maximale Mana-,,,,_STR_ATTRIBUTE_MANA_MAX,,
_work/Data/Scripts/content/Story/Text.d:454,Stärke-,,,,_STR_ATTRIBUTE_STRENGTH,,
_work/Data/Scripts/content/Story/Text.d:455,Geschicklichkeits-,,,,_STR_ATTRIBUTE_DEXTERITY,,
_work/Data/Scripts/content/Story/Text.d:456,magische Zauber-,,,,_STR_ATTRIBUTE_MAGIC_CIRCLE,,
_work/Data/Scripts/content/Story/Text.d:459,es fehlen ,,,,_STR_CANNOTUSE_PRE_PLAYER,,
_work/Data/Scripts/content/Story/Text.d:460,Punkte,,,,_STR_CANNOTUSE_POINTS,,
_work/Data/Scripts/content/Story/Text.d:461,Stufen,,,,_STR_CANNOTUSE_LEVELS,,
_work/Data/Scripts/content/Story/Text.d:462,", um diesen Gegenstand anzulegen",,,,_STR_CANNOTUSE_POST,,
_work/Data/Scripts/content/Story/Text.d:466,) fehlen ,,,,_STR_CANNOTUSE_POST_NPC,,
_work/Data/Scripts/content/Story/Text.d:469,kein Dietrich oder passender Schlüssel,,,,_STR_MESSAGE_INTERACT_NO_KEY,,
_work/Data/Scripts/content/Story/Text.d:470,das hörte sich gut an,,,,_STR_MESSAGE_PICKLOCK_SUCCESS,,
_work/Data/Scripts/content/Story/Text.d:471,das Schloß ist geknackt,,,,_STR_MESSAGE_PICKLOCK_UNLOCK,,
_work/Data/Scripts/content/Story/Text.d:472,Mist.. wieder von vorne,,,,_STR_MESSAGE_PICKLOCK_FAILURE,,
_work/Data/Scripts/content/Story/Text.d:473,der Dietrich ist abgebrochen,,,,_STR_MESSAGE_PICKLOCK_BROKEN,,
_work/Data/Scripts/content/Story/Text.d:476,der Hebel bewegt sich kein Haarbreit,,,,_STR_MESSAGE_OCLEVER_STUCKS,,
_work/Data/Scripts/content/Story/Text.d:477,die Statuette bewegt den Hebel,,,,_STR_MESSAGE_OCLEVER_MOVES,,
_work/Data/Scripts/content/Story/Text.d:478,die Winde klemmt,,,,_STR_MESSAGE_WHEEL_STUCKS,,
_work/Data/Scripts/content/Story/Text.d:481," Gegenstand gegeben",,,,_STR_MESSAGE_ITEM_GIVEN,,
_work/Data/Scripts/content/Story/Text.d:482," Gegenstand erhalten",,,,_STR_MESSAGE_ITEM_TAKEN,,
_work/Data/Scripts/content/Story/Text.d:483," Gegenstände gegeben",,,,_STR_MESSAGE_ITEMS_GIVEN,,
_work/Data/Scripts/content/Story/Text.d:484," Gegenstände erhalten",,,,_STR_MESSAGE_ITEMS_TAKEN,,
_work/Data/Scripts/content/Story/Text.d:485," Erz gegeben",,,,_STR_MESSAGE_ORE_GIVEN,,
_work/Data/Scripts/content/Story/Text.d:486," Erz erhalten",,,,_STR_MESSAGE_ORE_TAKEN,,
_work/Data/Scripts/content/Story/Text.d:489,der Wert deiner Tauschware ist nicht hoch genug,,,,_STR_MESSAGE_TRADE_FAILURE,,
_work/Data/Scripts/content/Story/Text.d:492,Voraussetzung für die Aufnahme: Stufe ,,,,_STR_MESSAGE_Joincamp,,
_work/Data/Scripts/content/Story/Text.d:495,kann nicht beklaut werden,,,,_STR_MESSAGE_CANNOTSTEAL,,
_work/Data/Scripts/content/Story/Text.d:531," Erz)",,,,NAME_BuyArmorPostfix,,
_work/Data/Scripts/content/Story/Text.d:533," Erz, ",,,,NAME_LearnMidfix,,
_work/Data/Scripts/content/Story/Text.d:534," Lernpunkt)",,,,NAME_LearnPostfixS,,
_work/Data/Scripts/content/Story/Text.d:535," Lernpunkte)",,,,NAME_LearnPostfixP,,
_work/Data/Scripts/content/Story/Text.d:537,Stärke +1,,,,NAME_LearnStrength_1,,
_work/Data/Scripts/content/Story/Text.d:538,Stärke +5,,,,NAME_LearnStrength_5,,
_work/Data/Scripts/content/Story/Text.d:539,Stärke +10,,,,NAME_LearnStrength_10,,
_work/Data/Scripts/content/Story/Text.d:540,Stärke +20,,,,NAME_LearnStrength_20,,
_work/Data/Scripts/content/Story/Text.d:542,Geschick +1,,,,NAME_LearnDexterity_1,,
_work/Data/Scripts/content/Story/Text.d:543,Geschick +5,,,,NAME_LearnDexterity_5,,
_work/Data/Scripts/content/Story/Text.d:544,Geschick +10,,,,NAME_LearnDexterity_10,,
_work/Data/Scripts/content/Story/Text.d:545,Geschick +20,,,,NAME_LearnDexterity_20,,
_work/Data/Scripts/content/Story/Text.d:547,Mana +1,,,,NAME_LearnMana_1,,
_work/Data/Scripts/content/Story/Text.d:548,Mana +5,,,,NAME_LearnMana_5,,
_work/Data/Scripts/content/Story/Text.d:549,Mana +10,,,,NAME_LearnMana_10,,
_work/Data/Scripts/content/Story/Text.d:550,Mana +20,,,,NAME_LearnMana_20,,
_work/Data/Scripts/content/Story/Text.d:552,Einhänder Stufe 1,,,,NAME_Learn1h_1,,
_work/Data/Scripts/content/Story/Text.d:553,Einhänder Stufe 2,,,,NAME_Learn1h_2,,
_work/Data/Scripts/content/Story/Text.d:554,Zweihänder Stufe 1,,,,NAME_Learn2h_1,,
_work/Data/Scripts/content/Story/Text.d:555,Zweihänder Stufe 2,,,,NAME_Learn2h_2,,
_work/Data/Scripts/content/Story/Text.d:557,Bogen Stufe 1,,,,NAME_LearnBow_1,,
_work/Data/Scripts/content/Story/Text.d:558,Bogen Stufe 2,,,,NAME_LearnBow_2,,
_work/Data/Scripts/content/Story/Text.d:559,Armbrust Stufe 1,,,,NAME_LearnCrossbow_1,,
_work/Data/Scripts/content/Story/Text.d:560,Armbrust Stufe 2,,,,NAME_LearnCrossbow_2,,
_work/Data/Scripts/content/Story/Text.d:562,1. Kreis der Magie,,,,NAME_LearnMage_1,,
_work/Data/Scripts/content/Story/Text.d:563,2. Kreis der Magie,,,,NAME_LearnMage_2,,
_work/Data/Scripts/content/Story/Text.d:564,3. Kreis der Magie,,,,NAME_LearnMage_3,,
_work/Data/Scripts/content/Story/Text.d:565,4. Kreis der Magie,,,,NAME_LearnMage_4,,
_work/Data/Scripts/content/Story/Text.d:566,5. Kreis der Magie,,,,NAME_LearnMage_5,,
_work/Data/Scripts/content/Story/Text.d:567,6. Kreis der Magie,,,,NAME_LearnMage_6,,
_work/Data/Scripts/content/Story/Text.d:569,Taschendiebstahl Stufe 1,,,,NAME_LearnPickpocket_1,,
_work/Data/Scripts/content/Story/Text.d:570,Taschendiebstahl Stufe 2,,,,NAME_LearnPickpocket_2,,
_work/Data/Scripts/content/Story/Text.d:571,Schlösser öffnen Stufe 1,,,,NAME_LearnPicklock_1,,
_work/Data/Scripts/content/Story/Text.d:572,Schlösser öffnen Stufe 2,,,,NAME_LearnPicklock_2,,
_work/Data/Scripts/content/Story/Text.d:574,Akrobatik,,,,NAME_LearnAcrobat,,
_work/Data/Scripts/content/Story/Text.d:575,Schleichen,,,,NAME_LearnSneak,,
_work/Data/Scripts/content/Story/Text.d:577,Stärke +,,,,NAME_RaiseStrength,,
_work/Data/Scripts/content/Story/Text.d:578,Geschick +,,,,NAME_RaiseDexterity,,
_work/Data/Scripts/content/Story/Text.d:579,Stärke und Geschick +,,,,NAME_RaiseStrDex,,
_work/Data/Scripts/content/Story/Text.d:580,maximale Mana +,,,,NAME_RaiseManaMax,,
_work/Data/Scripts/content/Story/Text.d:581,maximale Lebensenergie +,,,,NAME_RaiseHealthMax,,
_work/Data/Scripts/content/Story/Text.d:585,"Meister, ich möchte die hohe Robe des Feuers tragen.",,,,NAME_CorristoHighRobe,,
_work/Data/Scripts/content/Story/Text.d:586,Hohe Robe,,,,NAME_SaturasHighRobe,,
_work/Data/Scripts/content/Story/Text.d:587,"Schwere Schattenrüstung. Schutz: Waffen 40, Pfeile 5, Feuer 20",,,,NAME_DiegoHeavyShadows,,
_work/Data/Scripts/content/Story/Text.d:588,"Schwere Garderüstung. Schutz: Waffen 70, Pfeile 10, Feuer 35",,,,NAME_StoneHeavyGuards,,
_work/Data/Scripts/content/Story/Text.d:589,"Garderüstung. Schutz: Waffen 55, Pfeile 10, Feuer 25",,,,NAME_StoneGuards,,
_work/Data/Scripts/content/Story/Text.d:590,"Banditenrüstung. Schutz: Waffen 35, Pfeile 5, Feuer 15",,,,NAME_WolfBandits,,
_work/Data/Scripts/content/Story/Text.d:591,"Schwere Banditenrüstung. Schutz: Waffen 40, Pfeile 5, Feuer 20",,,,NAME_WolfHeavyBandits,,
_work/Data/Scripts/content/Story/Text.d:592,"Söldnerrüstung. Schutz: Waffen 55, Pfeile 10, Feuer 25",,,,NAME_LeeMercs,,
_work/Data/Scripts/content/Story/Text.d:593,"Schwere Söldnerrüstung. Schutz: Waffen 70, Pfeile 10, Feuer 35",,,,NAME_LeeHeavyMercs,,
_work/Data/Scripts/content/Story/Text.d:594,"Leichte Buddlerhosen. Schutz: Waffen 10, Feuer 5",,,,NAME_FiskLightDiggers,,
_work/Data/Scripts/content/Story/Text.d:595,"Buddlerhosen. Schutz: Waffen 15, Feuer 5",,,,NAME_FiskDiggers,,
_work/Data/Scripts/content/Story/Text.d:596,"Schwere Templerrüstung. Schutz: Waffen 70, Pfeile 10, Feuer 35",,,,NAME_GorNaTothHeavyTpl,,
_work/Data/Scripts/content/Story/Text.d:597,"Templerrüstung. Schutz: Waffen 55, Pfeile 10, Feuer 25",,,,NAME_GorNaTothTpl,,
_work/Data/Scripts/content/Story/Text.d:598,"Rock. Schutz: Waffen 15, Feuer 10",,,,NAME_TorwachenPsiRock,,
_work/Data/Scripts/content/Story/Text.d:612,Einige Einstellungen werden erst nach einem Neustart aktiv,,,,MENU_TEXT_NEEDS_RESTART,,
_work/Data/Scripts/content/Story/Text.d:617,Annehmen,,,,STR_INFO_TRADE_ACCEPT,,
_work/Data/Scripts/content/Story/Text.d:618,Ablehnen,,,,STR_INFO_TRADE_RESET,,
_work/Data/Scripts/content/Story/Text.d:619,Zurück,,,,STR_INFO_TRADE_EXIT,,
_work/Data/Scripts/content/Story/Text.d:621,Badenixe,,,,STR_BADENIXE,,
_work/Data/Scripts/content/Story/Text.d:627,Kapitel 1,,,,KapWechsel_1,,
_work/Data/Scripts/content/Story/Text.d:628,Die Welt der Verurteilten,,,,KapWechsel_1_Text,,
_work/Data/Scripts/content/Story/Text.d:629,Kapitel 2,,,,KapWechsel_2,,
_work/Data/Scripts/content/Story/Text.d:630,Das Nest der Minecrawler,,,,KapWechsel_2_Text,,
_work/Data/Scripts/content/Story/Text.d:631,Kapitel 3,,,,KapWechsel_3,,
_work/Data/Scripts/content/Story/Text.d:632,Artefakte von uralter Macht,,,,KapWechsel_3_Text,,
_work/Data/Scripts/content/Story/Text.d:633,Kapitel 4,,,,KapWechsel_4,,
_work/Data/Scripts/content/Story/Text.d:634,Xardas,,,,KapWechsel_4_Text,,
_work/Data/Scripts/content/Story/Text.d:635,Kapitel 5,,,,KapWechsel_5,,
_work/Data/Scripts/content/Story/Text.d:636,Die Hüter des Portals,,,,KapWechsel_5_Text,,
_work/Data/Scripts/content/Story/Text.d:637,Kapitel 6,,,,KapWechsel_6,,
_work/Data/Scripts/content/Story/Text.d:638,Die Hallen des Schläfers,,,,KapWechsel_6_Text,,
