location,source,target,id,fuzzy,context,translator_comments,developer_comments,
_work/Data/Scripts/content/Items/Amulette.d:17,Zeichen der Bruderschaft,Znak Bratrstva,,,ItMi_Amulet_Psi_01.description,,,
_work/Data/Scripts/content/Items/Amulette.d:44,Amulett der Flammen,Amulet plamenů,,,Schutzamulett_Feuer.description,,,
_work/Data/Scripts/content/Items/Amulette.d:82,Harnischamulett,Amulet zbroje,,,Schutzamulett_Waffen.description,,,
_work/Data/Scripts/content/Items/Amulette.d:122,Amulett der Eichenhaut,Amulet dubové kůry,,,Schutzamulett_Geschosse.description,,,
_work/Data/Scripts/content/Items/Amulette.d:160,Amulett der Geisteskraft,Amulet duchovní síly,,,Schutzamulett_Magie.description,,,
_work/Data/Scripts/content/Items/Amulette.d:197,Amulett der Läuterung,Amulet očisty,,,Schutzamulett_Magie_Feuer.description,,,
_work/Data/Scripts/content/Items/Amulette.d:238,Amulett der Steinhaut,Amulet kamenné kůže,,,Schutzamulett_Waffen_Geschosse.description,,,
_work/Data/Scripts/content/Items/Amulette.d:279,Amulett der Erzhaut,Amulet kůže z magické rudy,,,Schutzamulett_Total.description,,,
_work/Data/Scripts/content/Items/Amulette.d:329,Amulett der Wendigkeit,Amulet čilosti,,,Gewandtheitsamulett.description,,,
_work/Data/Scripts/content/Items/Amulette.d:371,Amulett der Geschicklichkeit,Amulet obratnosti,,,Gewandtheitsamulett2.description,,,
_work/Data/Scripts/content/Items/Amulette.d:412,Amulett der Kraft,Amulet moci,,,Staerkeamulett.description,,,
_work/Data/Scripts/content/Items/Amulette.d:453,Amulett der Stärke,Amulet síly,,,Staerkeamulett2.description,,,
_work/Data/Scripts/content/Items/Amulette.d:495,Amulett der Lebenskraft,Amulet života,,,Lebensamulett.description,,,
_work/Data/Scripts/content/Items/Amulette.d:547,Amulett der Magie,Amulet magie,,,Amulett_der_Magie.description,,,
_work/Data/Scripts/content/Items/Amulette.d:576,Amulett der Macht,Amulet energie,,,Amulett_der_Macht.name,,,
_work/Data/Scripts/content/Items/Amulette.d:590,Amulett der Macht,Amulet energie,,,Amulett_der_Macht.description,,,
_work/Data/Scripts/content/Items/Amulette.d:620,Amulett der Erleuchtung,Amulet osvícení,,,Amulett_der_Erleuchtung.name,,,
_work/Data/Scripts/content/Items/Amulette.d:634,Amulett der Erleuchtung,Amulet osvícení,,,Amulett_der_Erleuchtung.description,,,
_work/Data/Scripts/content/Items/Animaltrophy.d:96,Zähne,Zuby,,,ItAt_Teeth_01.name,,,
_work/Data/Scripts/content/Items/Animaltrophy.d:113,Wolfsfell,Vlčí kůže,,,ItAt_Wolf_01.name,,,
_work/Data/Scripts/content/Items/Animaltrophy.d:129,Orkhundfell,Kůže ze skřetího psa,,,ItAt_Wolf_02.name,,,
_work/Data/Scripts/content/Items/Animaltrophy.d:145,Flammenzunge,Ohnivý jazyk,,,ItAt_Waran_01.name,,,
_work/Data/Scripts/content/Items/Animaltrophy.d:161,Krallen,Drápy,,,ItAt_Claws_01.name,,,
_work/Data/Scripts/content/Items/Animaltrophy.d:177,Panzerplatte,Plátová zbroj,,,ItAt_Crawler_02.name,,,
_work/Data/Scripts/content/Items/Animaltrophy.d:187,Die Panzerplatte eines Minecrawler Kriegers,Zbroj z krunýře důlního červa,,,ItAt_Crawler_02.description,,,
_work/Data/Scripts/content/Items/Animaltrophy.d:194,Crawlerzangen,Čelisti důlního červa,,,ItAt_Crawler_01.name,,,
_work/Data/Scripts/content/Items/Animaltrophy.d:211,Fell,Kůže,,,ItAt_Shadow_01.name,,,
_work/Data/Scripts/content/Items/Animaltrophy.d:221,Fell eines Schattenläufers,Kůže stínové šelmy,,,ItAt_Shadow_01.description,,,
_work/Data/Scripts/content/Items/Animaltrophy.d:228,Horn,Roh,,,ItAt_Shadow_02.name,,,
_work/Data/Scripts/content/Items/Animaltrophy.d:238,Horn eines Schattenläufers,Roh stínové šelmy,,,ItAt_Shadow_02.description,,,
_work/Data/Scripts/content/Items/Animaltrophy.d:245,Lurkerklaue,Drápy číhavce,,,ItAt_Lurker_01.name,,,
_work/Data/Scripts/content/Items/Animaltrophy.d:262,Lurkerhaut,Kůže číhavce,,,ItAt_Lurker_02.name,,,
_work/Data/Scripts/content/Items/Animaltrophy.d:279,Trollhauer,Trolí tesák,,,ItAt_Troll_02.name,,,
_work/Data/Scripts/content/Items/Animaltrophy.d:296,Trollfell,Trolí kůže,,,ItAt_Troll_01.name,,,
_work/Data/Scripts/content/Items/Animaltrophy.d:312,Sumpfhaihaut,Kůže bažinného žraloka,,,ItAt_Swampshark_01.name,,,
_work/Data/Scripts/content/Items/Animaltrophy.d:328,Sumpfhaizähne,Zuby bažinného žraloka,,,ItAt_Swampshark_02.name,,,
_work/Data/Scripts/content/Items/Animaltrophy.d:344,Flügel,Křídla,,,ItAt_Bloodfly_01.name,,,
_work/Data/Scripts/content/Items/Animaltrophy.d:360,Blutfliegenstachel,Žihadlo krvavé mouchy,,,ItAt_Bloodfly_02.name,,,
_work/Data/Scripts/content/Items/Animaltrophy.d:379,Herz eines Steingolems,Srdce kamenného golema,,,ItAt_StoneGolem_01.name,,,
_work/Data/Scripts/content/Items/Animaltrophy.d:391,Dieses Herz stammt aus den Überresten,Toto je srdce vyjmuté ze zbytků,,,ItAt_StoneGolem_01.text[0],,,
_work/Data/Scripts/content/Items/Animaltrophy.d:392,eines besiegten Steingolems.,poraženého kamenného golema.,,,ItAt_StoneGolem_01.text[1],,,
_work/Data/Scripts/content/Items/Animaltrophy.d:393,"Es hat die Kraft,einen Gegner",Má moc odmrštit nepřátele,,,ItAt_StoneGolem_01.text[2],,,
_work/Data/Scripts/content/Items/Animaltrophy.d:394,durch die Luft zu schleudern.,do vzduchu.,,,ItAt_StoneGolem_01.text[3],,,
_work/Data/Scripts/content/Items/Animaltrophy.d:401,Herz eines Feuergolems,Srdce ohnivého golema,,,ItAt_FireGolem_01.name,,,
_work/Data/Scripts/content/Items/Animaltrophy.d:413,Dieses Herz stammt aus den Überresten,Toto je srdce vyjmuté ze zbytků,,,ItAt_FireGolem_01.text[0],,,
_work/Data/Scripts/content/Items/Animaltrophy.d:414,eines besiegten Feuergolems.,poraženého ohnivého golema.,,,ItAt_FireGolem_01.text[1],,,
_work/Data/Scripts/content/Items/Animaltrophy.d:415,"Es hat die Kraft,einen Gegner",Má moc zapálit,,,ItAt_FireGolem_01.text[2],,,
_work/Data/Scripts/content/Items/Animaltrophy.d:416,in Flammen aufgehen zu lassen.,nepřítele.,,,ItAt_FireGolem_01.text[3],,,
_work/Data/Scripts/content/Items/Animaltrophy.d:423,Herz eines Eisgolems,Srdce ledového golema,,,ItAt_IceGolem_01.name,,,
_work/Data/Scripts/content/Items/Animaltrophy.d:435,Dieses Herz stammt aus den Überresten,Toto je srdce vyjmuté ze zbytků,,,ItAt_IceGolem_01.text[0],,,
_work/Data/Scripts/content/Items/Animaltrophy.d:436,eines besiegten Eisgolems.,poraženého ledového golema.,,,ItAt_IceGolem_01.text[1],,,
_work/Data/Scripts/content/Items/Animaltrophy.d:437,"Es hat die Kraft,einen Gegner",Má moc zmrazit nepřítele.,,,ItAt_IceGolem_01.text[2],,,
_work/Data/Scripts/content/Items/Animaltrophy.d:445,Stück eines Eisgolems,část ledového golema,,,ItAt_IceGolem_02.name,,,
_work/Data/Scripts/content/Items/Animaltrophy.d:459,Dieses Stück stammt aus den Überresten,Toto je zbytek,,,ItAt_IceGolem_02.text[0],,,
_work/Data/Scripts/content/Items/Animaltrophy.d:460,eines besiegten Eisgolems.,poraženého ledového golema.,,,ItAt_IceGolem_02.text[1],,,
_work/Data/Scripts/content/Items/Armor.d:51,Leichte Buddlerhose,Lehké kalhoty kopáče,,,VLK_ARMOR_L.name,,,
_work/Data/Scripts/content/Items/Armor.d:83,Buddlerhose,Kalhoty kopáče,,,VLK_ARMOR_M.name,,,
_work/Data/Scripts/content/Items/Armor.d:117,Schattenkluft,Oděv Stínů,,,STT_ARMOR_M.name,,,
_work/Data/Scripts/content/Items/Armor.d:149,Schattenrüstung,Zbroj Stínů,,,STT_ARMOR_H.name,,,
_work/Data/Scripts/content/Items/Armor.d:183,Leichte Garderüstung,Lehká zbroj strážce,,,GRD_ARMOR_L.name,,,
_work/Data/Scripts/content/Items/Armor.d:215,Garderüstung,Zbroj strážce,,,GRD_ARMOR_M.name,,,
_work/Data/Scripts/content/Items/Armor.d:247,Schwere Garderüstung,Těžká zbroj strážce,,,GRD_ARMOR_H.name,,,
_work/Data/Scripts/content/Items/Armor.d:281,Prunkgewand,Slavnostní roucho,,,EBR_ARMOR_M.name,,,
_work/Data/Scripts/content/Items/Armor.d:315,Gomez'Rüstung,Gomezova zbroj,,,EBR_ARMOR_H.name,,,
_work/Data/Scripts/content/Items/Armor.d:350,Schwere Erzbaronrüstung,Těžká zbroj Rudobarona,,,EBR_ARMOR_H2.name,,,
_work/Data/Scripts/content/Items/Armor.d:390,Schürferklamotten,Oděv kopáče,,,SFB_ARMOR_L.name,,,
_work/Data/Scripts/content/Items/Armor.d:424,Leichte Banditenkleidung,Lehký oblek tuláka,,,ORG_ARMOR_L.name,,,
_work/Data/Scripts/content/Items/Armor.d:456,Mittlere Banditenkleidung,Oděv tuláka,,,ORG_ARMOR_M.name,,,
_work/Data/Scripts/content/Items/Armor.d:488,Schwere Banditenkleidung,Těžký oblek tuláka,,,ORG_ARMOR_H.name,,,
_work/Data/Scripts/content/Items/Armor.d:520,leichte Söldnerrüstung,Lehká zbroj žoldáka,,,SLD_ARMOR_L.name,,,
_work/Data/Scripts/content/Items/Armor.d:552,Söldnerrüstung,Zbroj žoldáka,,,SLD_ARMOR_M.name,,,
_work/Data/Scripts/content/Items/Armor.d:584,Schwere Söldnerrüstung,Těžká zbroj žoldáka,,,SLD_ARMOR_H.name,,,
_work/Data/Scripts/content/Items/Armor.d:623,Novizen Rock,Bederní rouška novice,,,NOV_ARMOR_L.name,,,
_work/Data/Scripts/content/Items/Armor.d:655,Leichte Novizenrüstung,Lehká zbroj novice,,,NOV_ARMOR_M.name,,,
_work/Data/Scripts/content/Items/Armor.d:687,Novizenrüstung,Zbroj novice,,,NOV_ARMOR_H.name,,,
_work/Data/Scripts/content/Items/Armor.d:721,Leichte Templerrüstung,Lehká zbroj templáře,,,TPL_ARMOR_L.name,,,
_work/Data/Scripts/content/Items/Armor.d:753,Templerrüstung,Zbroj templáře,,,TPL_ARMOR_M.name,,,
_work/Data/Scripts/content/Items/Armor.d:785,Schwere Templerrüstung,Těžká zbroj templáře,,,TPL_ARMOR_H.name,,,
_work/Data/Scripts/content/Items/Armor.d:819,Gururobe,Roucho Guru,,,GUR_ARMOR_M.name,,,
_work/Data/Scripts/content/Items/Armor.d:852,Hohe Gururobe,Vznešené roucho Guru,,,GUR_ARMOR_H.name,,,
_work/Data/Scripts/content/Items/Armor.d:891,Feuermagierrobe,Roucho Ohně,,,KDF_ARMOR_L.name,,,
_work/Data/Scripts/content/Items/Armor.d:922,Große Feuerrobe,Vznešené roucho Ohně,,,KDF_ARMOR_H.name,,,
_work/Data/Scripts/content/Items/Armor.d:955,Wasserrobe,Roucho Vody,,,KDW_ARMOR_L.name,,,
_work/Data/Scripts/content/Items/Armor.d:987,Große Wasserrobe,Vznešené roucho Vody,,,KDW_ARMOR_H.name,,,
_work/Data/Scripts/content/Items/Armor.d:1020,Robe der Dunklen Künste,Roucho temných umění,,,DMB_ARMOR_M.name,,,
_work/Data/Scripts/content/Items/Armor.d:1062,Crawler-Plattenrüstung,Krunýř důlního červa,,,CRW_ARMOR_H.name,,,
_work/Data/Scripts/content/Items/Armor.d:1096,antike Erzrüstung,Starobylá rudná zbroj,,,ORE_ARMOR_M.name,,,
_work/Data/Scripts/content/Items/Armor.d:1117,Diese uralte Rüstung wurde vollständig aus magischen Erz geschmiedet.,Tato starobylá zbroj byla vyrobena z magické rudy.,,,ORE_ARMOR_M.text[0],,,
_work/Data/Scripts/content/Items/Armor.d:1127,verbesserte Erzrüstung,Vylepšená zbroj z rudy.,,,ORE_ARMOR_H.name,,,
_work/Data/Scripts/content/Items/Armor.d:1148,Stone der Schmied hat diese antike Rüstung noch verbessern können!,Kovář Stone ji dokázal vylepšit!,,,ORE_ARMOR_H.text[0],,,
_work/Data/Scripts/content/Items/Armor.d:1164,Richterrobe,Roucho soudce,,,LAW_ARMOR.name,,,
_work/Data/Scripts/content/Items/Armor.d:1204,Königliche Garderüstung,Zbroj královské stráže,,,GRD_ARMOR_I.name,,,
_work/Data/Scripts/content/Items/Armor.d:1241,Nacktes Babe,Nahá dívka,,,BAB_ARMOR_NUDE.name,,,
_work/Data/Scripts/content/Items/Armor.d:1263,bikini babe,Dívka v bikinách,,,BAB_ARMOR_BIKINI.name,,,
_work/Data/Scripts/content/Items/Artifacts.d:21,Licht,Světlo,,,ItArRuneLight.description,,,
_work/Data/Scripts/content/Items/Artifacts.d:46,Licht,Světlo,,,ItArScrollLight.description,,,
_work/Data/Scripts/content/Items/Artifacts.d:73,Feuerpfeil,Ohnivý šíp,,,ItArRuneFirebolt.description,,,
_work/Data/Scripts/content/Items/Artifacts.d:98,Feuerpfeil,Ohnivý šíp,,,ItArScrollFirebolt.description,,,
_work/Data/Scripts/content/Items/Artifacts.d:125,Feuerball,Ohnivá koule,,,ItArRuneFireball.description,,,
_work/Data/Scripts/content/Items/Artifacts.d:150,Feuerball,Ohnivá koule,,,ItArScrollFireball.description,,,
_work/Data/Scripts/content/Items/Artifacts.d:177,Feuersturm,Ohnivá bouře,,,ItArRuneFirestorm.description,,,
_work/Data/Scripts/content/Items/Artifacts.d:202,Feuersturm,Ohnivá bouře,,,ItArScrollFirestorm.description,,,
_work/Data/Scripts/content/Items/Artifacts.d:229,Feuerregen,Ohnivý déšť,,,ItArRuneFireRain.description,,,
_work/Data/Scripts/content/Items/Artifacts.d:254,Feuerregen,Ohnivý déšť,,,ItArScrollFireRain.description,,,
_work/Data/Scripts/content/Items/Artifacts.d:279,Teleport zu den Feuermagiern,Teleport k mágům Ohně,,,ItArRuneTeleport1.description,,,
_work/Data/Scripts/content/Items/Artifacts.d:298,Teleport zu den Feuermagiern,Teleport k mágům Ohně,,,ItArScrollTeleport1.description,,,
_work/Data/Scripts/content/Items/Artifacts.d:319,Teleport zu den Wassermagiern,Teleport k mágům Vody,,,ItArRuneTeleport2.description,,,
_work/Data/Scripts/content/Items/Artifacts.d:338,Teleport zu den Wassermagiern,Teleport k mágům Vody,,,ItArScrollTeleport2.description,,,
_work/Data/Scripts/content/Items/Artifacts.d:359,Teleport zum Dämonenbeschwörer,Teleport k nekromantovi,,,ItArRuneTeleport3.description,,,
_work/Data/Scripts/content/Items/Artifacts.d:378,Teleport zum Dämonenbeschwörer,Teleport k nekromantovi,,,ItArScrollTeleport3.description,,,
_work/Data/Scripts/content/Items/Artifacts.d:401,orkischer Teleportzauber,Skřetí teleportační kouzlo,,,ItArScrollTeleport4.description,,,
_work/Data/Scripts/content/Items/Artifacts.d:423,Teleport zum Sumpflager,Teleport do tábora v bažinách,,,ItArRuneTeleport5.description,,,
_work/Data/Scripts/content/Items/Artifacts.d:442,Teleport zum Sumpflager,Teleport do tábora v bažinách,,,ItArScrollTeleport5.description,,,
_work/Data/Scripts/content/Items/Artifacts.d:469,Heilung,Uzdravení,,,ItArRuneHeal.description,,,
_work/Data/Scripts/content/Items/Artifacts.d:495,Heilung,Uzdravení,,,ItArScrollHeal.description,,,
_work/Data/Scripts/content/Items/Artifacts.d:525,Verwandlung Bloodfly,Proměna v krvavou mouchu,,,ItArScrollTrfBloodfly.description,,,
_work/Data/Scripts/content/Items/Artifacts.d:550,Verwandlung Crawler,Proměna v důlního červa,,,ItArScrollTrfCrawler.description,,,
_work/Data/Scripts/content/Items/Artifacts.d:575,Verwandlung Lurker,Proměna v číhavce,,,ItArScrollTrfLurker.description,,,
_work/Data/Scripts/content/Items/Artifacts.d:600,Verwandlung Fleischwanze,Proměna ve žravou štěnici,,,ItArScrollTrfMeatbug.description,,,
_work/Data/Scripts/content/Items/Artifacts.d:625,Verwandlung Molerat,Proměna v krysokrta,,,ItArScrollTrfMolerat.description,,,
_work/Data/Scripts/content/Items/Artifacts.d:650,Verwandlung Orcdog,Proměna v skřetího psa,,,ItArScrollTrfOrcdog.description,,,
_work/Data/Scripts/content/Items/Artifacts.d:675,Verwandlung Scavenger,Proměna v mrchožrouta,,,ItArScrollTrfScavenger.description,,,
_work/Data/Scripts/content/Items/Artifacts.d:700,Verwandlung Schattenläufer,Proměna v stínovou šelmu,,,ItArScrollTrfShadowbeast.description,,,
_work/Data/Scripts/content/Items/Artifacts.d:725,Verwandlung Snapper,Proměna v chňapavce,,,ItArScrollTrfSnapper.description,,,
_work/Data/Scripts/content/Items/Artifacts.d:750,Verwandlung Waran,Proměna v ještěrku,,,ItArScrollTrfWaran.description,,,
_work/Data/Scripts/content/Items/Artifacts.d:775,Verwandlung Wolf,Proměna ve vlka,,,ItArScrollTrfWolf.description,,,
_work/Data/Scripts/content/Items/Artifacts.d:803,Blitz,Blesk,,,ItArRuneChainLightning.description,,,
_work/Data/Scripts/content/Items/Artifacts.d:827,Blitz,Blesk,,,ItArScrollChainLightning.description,,,
_work/Data/Scripts/content/Items/Artifacts.d:856,Eispfeil,Ledový šíp,,,ItArRuneThunderbolt.description,,,
_work/Data/Scripts/content/Items/Artifacts.d:881,Eispfeil,Ledový šíp,,,ItArScrollThunderbolt.description,,,
_work/Data/Scripts/content/Items/Artifacts.d:909,Kugelblitz,Kulový blesk,,,ItArRuneThunderball.description,,,
_work/Data/Scripts/content/Items/Artifacts.d:935,Kugelblitz,Kulový blesk,,,ItArScrollThunderball.description,,,
_work/Data/Scripts/content/Items/Artifacts.d:962,Eisblock,Ledový blok,,,ItArRuneIceCube.description,,,
_work/Data/Scripts/content/Items/Artifacts.d:987,Eisblock,Ledový blok,,,ItArScrollIceCube.description,,,
_work/Data/Scripts/content/Items/Artifacts.d:1015,Eiswelle,Ledová vlna,,,ItArRuneIceWave.description,,,
_work/Data/Scripts/content/Items/Artifacts.d:1040,Eiswelle,Ledová vlna,,,ItArScrollIceWave.description,,,
_work/Data/Scripts/content/Items/Artifacts.d:1072,Dämon beschwören,Vyvolání démona,,,ItArScrollSummonDemon.description,,,
_work/Data/Scripts/content/Items/Artifacts.d:1100,Skelette beschwören,Vyvolání kostlivce,,,ItArScrollSummonSkeletons.description,,,
_work/Data/Scripts/content/Items/Artifacts.d:1128,Golem beschwören,Vyvolání golema,,,ItArScrollSummonGolem.description,,,
_work/Data/Scripts/content/Items/Artifacts.d:1156,Armee der Finsternis,Armáda Temnot,,,ItArScrollArmyOfDarkness.description,,,
_work/Data/Scripts/content/Items/Artifacts.d:1183,Untote vernichten,Smrt nemrtvému,,,ItArRuneDestroyUndead.description,,,
_work/Data/Scripts/content/Items/Artifacts.d:1208,Untote vernichten,Smrt nemrtvému,,,ItArScrollDestroyUndead.description,,,
_work/Data/Scripts/content/Items/Artifacts.d:1239,Windfaust,Úder větru,,,ItArRuneWindfist.description,,,
_work/Data/Scripts/content/Items/Artifacts.d:1264,Windfaust,Úder větru,,,ItArScrollWindfist.description,,,
_work/Data/Scripts/content/Items/Artifacts.d:1291,Sturmfaust,Větrná pěst,,,ItArRuneStormfist.description,,,
_work/Data/Scripts/content/Items/Artifacts.d:1316,Sturmfaust,Větrná pěst,,,ItArScrollStormfist.description,,,
_work/Data/Scripts/content/Items/Artifacts.d:1344,Telekinese,Telekineze,,,ItArRuneTelekinesis.description,,,
_work/Data/Scripts/content/Items/Artifacts.d:1370,Telekinese,Telekineze,,,ItArScrollTelekinesis.description,,,
_work/Data/Scripts/content/Items/Artifacts.d:1397,Freundlich stimmen,Šarm,,,ItArRuneCharm.description,,,
_work/Data/Scripts/content/Items/Artifacts.d:1422,Freundlich stimmen,Šarm,,,ItArScrollCharm.description,,,
_work/Data/Scripts/content/Items/Artifacts.d:1449,Schlaf,Spánek,,,ItArRuneSleep.description,,,
_work/Data/Scripts/content/Items/Artifacts.d:1474,Schlaf,Spánek,,,ItArScrollSleep.description,,,
_work/Data/Scripts/content/Items/Artifacts.d:1501,Pyrokinese,Pyrokineze,,,ItArRunePyrokinesis.description,,,
_work/Data/Scripts/content/Items/Artifacts.d:1526,Pyrokinese,Pyrokineze,,,ItArScrollPyrokinesis.description,,,
_work/Data/Scripts/content/Items/Artifacts.d:1553,Kontrolle,Ovládnutí,,,ItArRuneControl.description,,,
_work/Data/Scripts/content/Items/Artifacts.d:1578,Kontrolle,Ovládnutí,,,ItArScrollControl.description,,,
_work/Data/Scripts/content/Items/Artifacts.d:1606,Angst,Strach,,,ItArScrollFear.description,,,
_work/Data/Scripts/content/Items/Artifacts.d:1634,Raserei,Vztek,,,ItArScrollBerzerk.description,,,
_work/Data/Scripts/content/Items/Artifacts.d:1661,Todeshauch,Dech smrti,,,ItArRuneBreathOfDeath.description,,,
_work/Data/Scripts/content/Items/Artifacts.d:1689,Monster Schrumpfen,Zmenši nestvůru,,,ItArScrollShrink.description,,,
_work/Data/Scripts/content/Items/Food.d:61,Wanzenfleisch,Žravá štěnice,,,ItAt_Meatbug_01.name,,,
_work/Data/Scripts/content/Items/Food.d:87,Apfel,Jablko,,,ItFoApple.name,,,
_work/Data/Scripts/content/Items/Food.d:112,Weintrauben,Hrozny,,,ItFo_wineberrys_01.name,,,
_work/Data/Scripts/content/Items/Food.d:136,Brot,Chléb,,,ItFoLoaf.name,,,
_work/Data/Scripts/content/Items/Food.d:161,gebratenes Fleisch,Opečené maso,,,ItFoMutton.name,,,
_work/Data/Scripts/content/Items/Food.d:185,rohes Fleisch,Syrové maso,,,ItFoMuttonRaw.name,,,
_work/Data/Scripts/content/Items/Food.d:209,Schinken,Šunka,,,ItFo_mutton_01.name,,,
_work/Data/Scripts/content/Items/Food.d:234,Käse,Sýr,,,ItFoCheese.name,,,
_work/Data/Scripts/content/Items/Food.d:258,Reis,Rýže,,,ItFoRice.name,,,
_work/Data/Scripts/content/Items/Food.d:282,Wurzelsuppe,Polévka z kořínků,,,ItFoSoup.name,,,
_work/Data/Scripts/content/Items/Food.d:306,Fleischwanzenragout,Ragú ze žravých štěnic,,,ItFoMeatbugragout.name,,,
_work/Data/Scripts/content/Items/Food.d:331,Minecrawlersuppe,Polévka z důlního červa,,,ItFoCrawlersoup.name,,,
_work/Data/Scripts/content/Items/Food.d:361,Wasser,Voda,,,ItFo_Potion_Water_01.name,,,
_work/Data/Scripts/content/Items/Food.d:387,Bier,Pivo,,,ItFoBeer.name,,,
_work/Data/Scripts/content/Items/Food.d:413,Wein,Víno,,,ItFoWine.name,,,
_work/Data/Scripts/content/Items/Food.d:439,Reisschnaps,Rýžová pálenka,,,ItFoBooze.name,,,
_work/Data/Scripts/content/Items/Food.d:468,Waldbeeren,Borůvky,,,ItFo_Plants_Berrys_01.name,,,
_work/Data/Scripts/content/Items/Food.d:494,Flammendorn,Ohnivý trn,,,ItFo_Plants_Flameberry_01.name,,,
_work/Data/Scripts/content/Items/Food.d:520,Seraphis,Sehnutka (Seraphis),,,ItFo_Plants_Seraphis_01.name,,,
_work/Data/Scripts/content/Items/Food.d:548,Velayis,Kozlík (Velaris),,,ItFo_Plants_Velayis_01.name,,,
_work/Data/Scripts/content/Items/Food.d:574,Bergmoos,Horský mech,,,ItFo_Plants_mountainmoos_01.name,,,
_work/Data/Scripts/content/Items/Food.d:600,Grabmoos,Šedý mech,,,ItFo_Plants_mountainmoos_02.name,,,
_work/Data/Scripts/content/Items/Food.d:626,Nachtschatten,Lilkovité rostliny,,,ItFo_Plants_Nightshadow_01.name,,,
_work/Data/Scripts/content/Items/Food.d:652,Mondschatten,Měsíčkovité rostliny,,,ItFo_Plants_Nightshadow_02.name,,,
_work/Data/Scripts/content/Items/Food.d:678,Orkblatt,Skřetí list,,,ItFo_Plants_OrcHerb_01.name,,,
_work/Data/Scripts/content/Items/Food.d:704,Eichenblatt,Dubový list,,,ItFo_Plants_OrcHerb_02.name,,,
_work/Data/Scripts/content/Items/Food.d:732,Höllenpilz,Pekelné houby,,,ItFo_Plants_mushroom_01.name,,,
_work/Data/Scripts/content/Items/Food.d:758,Sklavenbrot,Otrokův chléb,,,ItFo_Plants_mushroom_02.name,,,
_work/Data/Scripts/content/Items/Food.d:787,Heilkräuter,Léčivé byliny,,,ItFo_Plants_Herb_01.name,,,
_work/Data/Scripts/content/Items/Food.d:813,Heilkräuter,Léčivé byliny,,,ItFo_Plants_Herb_02.name,,,
_work/Data/Scripts/content/Items/Food.d:839,Heilkräuter,Léčivé byliny,,,ItFo_Plants_Herb_03.name,,,
_work/Data/Scripts/content/Items/Food.d:867,Blutbuchen Samen,Semeno krvavého buku,,,ItFo_Plants_Bloodwood_01.name,,,
_work/Data/Scripts/content/Items/Food.d:893,Turmeichen Samen,Semeno věžového dubu,,,ItFo_Plants_Towerwood_01.name,,,
_work/Data/Scripts/content/Items/Food.d:919,Rabenkraut,Havraní byliny,,,ItFo_Plants_RavenHerb_01.name,,,
_work/Data/Scripts/content/Items/Food.d:945,Dunkelkraut,Tmavé byliny,,,ItFo_Plants_RavenHerb_02.name,,,
_work/Data/Scripts/content/Items/Food.d:971,Steinwurzel,Kamenný kořen,,,ItFo_Plants_Stoneroot_01.name,,,
_work/Data/Scripts/content/Items/Food.d:997,Drachenwurzel,Dračí kořen,,,ItFo_Plants_Stoneroot_02.name,,,
_work/Data/Scripts/content/Items/Food.d:1025,Trollkirsche,Trolí lilek,,,ItFo_Plants_Trollberrys_01.name,,,
_work/Data/Scripts/content/Items/MISC.D:59,Dietrich,Paklíč,,,ItKeLockpick.name,,,
_work/Data/Scripts/content/Items/MISC.D:79,Schlüssel,Klíč,,,ItKeKey1.name,,,
_work/Data/Scripts/content/Items/MISC.D:96,Schlüssel,Klíč,,,ItKeKey2.name,,,
_work/Data/Scripts/content/Items/MISC.D:113,Schlüssel,Klíč,,,ItKeKey3.name,,,
_work/Data/Scripts/content/Items/MISC.D:130,Schlüssel,Klíč,,,ItKeKey4.name,,,
_work/Data/Scripts/content/Items/MISC.D:147,Cavalorns Schlüssel,Cavalornův klíč,,,ItKeCavalorn01.name,,,
_work/Data/Scripts/content/Items/MISC.D:168,Krautstampfer,Bylinná kaše,,,ItMiStomper.name,,,
_work/Data/Scripts/content/Items/MISC.D:186,Hammer,Kladivo,,,ItMiHammer.name,,,
_work/Data/Scripts/content/Items/MISC.D:204,Kochlöffel,Dřevěná lžíce,,,ItMiScoop.name,,,
_work/Data/Scripts/content/Items/MISC.D:223,Laborflasche,Laboratorní baňka,,,ItMiFlask.name,,,
_work/Data/Scripts/content/Items/MISC.D:243,Rohstahl,Surová ocel,,,ItMiSwordraw.name,,,
_work/Data/Scripts/content/Items/MISC.D:260,Glühender Stahl,Rozžhavená ocel,,,ItMiSwordrawhot.name,,,
_work/Data/Scripts/content/Items/MISC.D:277,Glühende Klinge,Rozžhavená čepel,,,ItMiSwordbladehot.name,,,
_work/Data/Scripts/content/Items/MISC.D:294,Klinge,Šavle,,,ItMiSwordblade.name,,,
_work/Data/Scripts/content/Items/MISC.D:318,Fackel,Pochodeň,,,ItLsTorchFirespit.name,,,
_work/Data/Scripts/content/Items/MISC.D:339,Laute,Loutna,,,ItMiLute.name,,,
_work/Data/Scripts/content/Items/MISC.D:368,Palmwedel,Palmový list,,,ItMiWedel.name,,,
_work/Data/Scripts/content/Items/MISC.D:387,Bürste,Kartáč,,,ItMiBrush.name,,,
_work/Data/Scripts/content/Items/MISC.D:406,Grüner Novize,Mladý novic,,,ItMiJoint_1.name,,,
_work/Data/Scripts/content/Items/MISC.D:433,Schwarzer Weiser,Severní soumrak,,,ItMiJoint_2.name,,,
_work/Data/Scripts/content/Items/MISC.D:460,Traumruf,Přivolání snu,,,ItMiJoint_3.name,,,
_work/Data/Scripts/content/Items/MISC.D:481,Mana +2,Mana +2,,,,,PrintScreen call.,
_work/Data/Scripts/content/Items/MISC.D:489,Erzbrocken,Magický nuget,,,ItMiNugget.name,,,
_work/Data/Scripts/content/Items/MISC.D:511,Fackel,Pochodeň,,,ItLsTorch.name,,,
_work/Data/Scripts/content/Items/MISC.D:529,Brennende Fackel,Hořící pochodeň,,,ItLsTorchburning.name,,,
_work/Data/Scripts/content/Items/MISC.D:546,Fackel,Pochodeň,,,ItLsTorchburned.name,,,
_work/Data/Scripts/content/Items/MISC.D:570,Sumpfkraut,Droga z bažin,,,ItMi_Plants_Swampherb_01.name,,,
_work/Data/Scripts/content/Items/MISC.D:587,Pfeife,Dýmka,,,ItMi_Stuff_Pipe_01.name,,,
_work/Data/Scripts/content/Items/MISC.D:604,Rasiermesser,Břitva,,,ItMi_Stuff_Barbknife_01.name,,,
_work/Data/Scripts/content/Items/MISC.D:621,Münze,Mince,,,ItMi_Stuff_OldCoin_01.name,,,
_work/Data/Scripts/content/Items/MISC.D:638,Münze,Mince,,,ItMi_Stuff_OldCoin_02.name,,,
_work/Data/Scripts/content/Items/MISC.D:655,Schüssel,Mísa,,,ItMi_Stuff_Plate_01.name,,,
_work/Data/Scripts/content/Items/MISC.D:672,Kerzenständer,Svícen,,,ItMi_Stuff_Candel_01.name,,,
_work/Data/Scripts/content/Items/MISC.D:689,Becher,Pohár,,,ItMi_Stuff_Cup_01.name,,,
_work/Data/Scripts/content/Items/MISC.D:706,Pokal,Číše,,,ItMi_Stuff_Cup_02.name,,,
_work/Data/Scripts/content/Items/MISC.D:723,Besteck,Příbor,,,ItMi_Stuff_Silverware_01.name,,,
_work/Data/Scripts/content/Items/MISC.D:740,Pfanne,Pánev,,,ItMi_Stuff_Pan_01.name,,,
_work/Data/Scripts/content/Items/MISC.D:757,Krug,Džbán,,,ItMi_Stuff_Mug_01.name,,,
_work/Data/Scripts/content/Items/MISC.D:774,Amphore,Amfora,,,ItMi_Stuff_Amphore_01.name,,,
_work/Data/Scripts/content/Items/MISC.D:791,Statue,Socha,,,ItMi_Stuff_Idol_Ogront_01.name,,,
_work/Data/Scripts/content/Items/MISC.D:811,Schwefel,Síra,,,ItMi_Alchemy_Sulphur_01.name,,,
_work/Data/Scripts/content/Items/MISC.D:828,Quecksilber,Rtuť,,,ItMi_Alchemy_Quicksilver_01.name,,,
_work/Data/Scripts/content/Items/MISC.D:845,Salz,Sůl,,,ItMi_Alchemy_Salt_01.name,,,
_work/Data/Scripts/content/Items/MISC.D:862,Syrianisches Öl,Syrský olej,,,ItMi_Alchemy_Syrianoil_01.name,,,
_work/Data/Scripts/content/Items/MISC.D:879,Moleratfett,Sádlo z krysokrta,,,ItMi_Alchemy_Moleratlubric_01.name,,,
_work/Data/Scripts/content/Items/MISC.D:896,Reiner Alkohol,Čistý alkohol,,,ItMi_Alchemy_Alcohol_01.name,,,
_work/Data/Scripts/content/Items/Melee_weapons.d:12,Knüppel,Kyj,,,ItMw_1H_Club_01.name,,,
_work/Data/Scripts/content/Items/Melee_weapons.d:39,Schürhaken,Pohrabáč,,,ItMw_1H_Poker_01.name,,,
_work/Data/Scripts/content/Items/Melee_weapons.d:66,Sichel,Srp,,,ItMw_1H_Sickle_01.name,,,
_work/Data/Scripts/content/Items/Melee_weapons.d:94,Spitzhacke,Krumpáč,,,ItMwPickaxe.name,,,
_work/Data/Scripts/content/Items/Melee_weapons.d:121,Schmiedehammer,Kovářské kladivo,,,ItMw_1H_Sledgehammer_01.name,,,
_work/Data/Scripts/content/Items/Melee_weapons.d:148,Keule,Kyj,,,ItMw_1H_Mace_Light_01.name,,,
_work/Data/Scripts/content/Items/Melee_weapons.d:175,Handaxt,Sekyra,,,ItMw_1H_Hatchet_01.name,,,
_work/Data/Scripts/content/Items/Melee_weapons.d:202,Rostiges Schwert,Rezavý meč,,,ItMw_1H_Sword_Old_01.name,,,
_work/Data/Scripts/content/Items/Melee_weapons.d:229,Nagelkeule,Ostnatý kyj,,,ItMw_1H_Nailmace_01.name,,,
_work/Data/Scripts/content/Items/Melee_weapons.d:258,Kurzschwert,Krátký meč,,,ItMw_1H_Sword_Short_01.name,,,
_work/Data/Scripts/content/Items/Melee_weapons.d:285,Bauernwehr,Farmářova obrana,,,ItMw_1H_Sword_Short_02.name,,,
_work/Data/Scripts/content/Items/Melee_weapons.d:313,Lurkerbiß,Číhavčí kousnutí,,,ItMw_1H_Sword_Short_03.name,,,
_work/Data/Scripts/content/Items/Melee_weapons.d:340,Wundendorn,Zraňující trny,,,ItMw_1H_Sword_Short_04.name,,,
_work/Data/Scripts/content/Items/Melee_weapons.d:367,Buddlerzucht,Kopáčova poslušnost,,,ItMw_1H_Sword_Short_05.name,,,
_work/Data/Scripts/content/Items/Melee_weapons.d:396,Verwitterte Axt,Rozpadlá sekyra,,,ItMw_1H_Axe_Old_01.name,,,
_work/Data/Scripts/content/Items/Melee_weapons.d:424,Schnitter,Kudla,,,ItMw_1H_Scythe_01.name,,,
_work/Data/Scripts/content/Items/Melee_weapons.d:451,Kampfstab,Bojová hůl,,,ItMw_2H_Staff_01.name,,,
_work/Data/Scripts/content/Items/Melee_weapons.d:478,Richtstab,Hůl rozsouzení,,,ItMw_2H_Staff_02.name,,,
_work/Data/Scripts/content/Items/Melee_weapons.d:504,Priesterstab,Kněžská hůl,,,ItMw_2H_Staff_03.name,,,
_work/Data/Scripts/content/Items/Melee_weapons.d:533,Leichtes Gardeschwert,Lehký meč stráže,,,ItMw_1H_LightGuardsSword_03.name,,,
_work/Data/Scripts/content/Items/Melee_weapons.d:562,Streitkolben,Palcát,,,ItMw_1H_Mace_01.name,,,
_work/Data/Scripts/content/Items/Melee_weapons.d:589,Stachelkeule,Ostnatý palcát,,,ItMw_1H_Mace_02.name,,,
_work/Data/Scripts/content/Items/Melee_weapons.d:616,Blutfliegenstachel,Žihadlo krvavé mouchy,,,ItMw_1H_Mace_03.name,,,
_work/Data/Scripts/content/Items/Melee_weapons.d:643,Stahlzunge,Ocelový hrot,,,ItMw_1H_Mace_04.name,,,
_work/Data/Scripts/content/Items/Melee_weapons.d:672,grobes Schwert,Primitivní meč,,,ItMw_1H_Sword_01.name,,,
_work/Data/Scripts/content/Items/Melee_weapons.d:699,Richtschwert,Meč rozsudku,,,ItMw_1H_Sword_02.name,,,
_work/Data/Scripts/content/Items/Melee_weapons.d:726,Gardeschwert,Meč stráže,,,ItMw_1H_Sword_03.name,,,
_work/Data/Scripts/content/Items/Melee_weapons.d:753,Kampfschwert,Bojový meč,,,ItMw_1H_Sword_04.name,,,
_work/Data/Scripts/content/Items/Melee_weapons.d:780,Kriegsschwert,Válečný meč,,,ItMw_1H_Sword_05.name,,,
_work/Data/Scripts/content/Items/Melee_weapons.d:810,Morgenstern,Morning Star,,,ItMw_1H_Mace_War_01.name,,,
_work/Data/Scripts/content/Items/Melee_weapons.d:837,Stahlgeflecht,Ocelový palcát,,,ItMw_1H_Mace_War_02.name,,,
_work/Data/Scripts/content/Items/Melee_weapons.d:864,Steinbrecher,Drtič kamene,,,ItMw_1H_Mace_War_03.name,,,
_work/Data/Scripts/content/Items/Melee_weapons.d:891,Herzensbrecher,Lamač srdcí,,,ItMw_1H_Mace_War_04.name,,,
_work/Data/Scripts/content/Items/Melee_weapons.d:920,Langschwert,Dlouhý meč,,,ItMw_1H_Sword_Long_01.name,,,
_work/Data/Scripts/content/Items/Melee_weapons.d:947,Furchtbringer,Meč strachu,,,ItMw_1H_Sword_Long_02.name,,,
_work/Data/Scripts/content/Items/Melee_weapons.d:974,Hassbringer,Meč nenávisti,,,ItMw_1H_Sword_Long_03.name,,,
_work/Data/Scripts/content/Items/Melee_weapons.d:1001,Siegbringer,Meč vítězství,,,ItMw_1H_Sword_Long_04.name,,,
_work/Data/Scripts/content/Items/Melee_weapons.d:1028,Todbringer,Meč smrti,,,ItMw_1H_Sword_Long_05.name,,,
_work/Data/Scripts/content/Items/Melee_weapons.d:1055,Orkhammer,Skřetí kladivo,,,ItMw_1H_Warhammer_01.name,,,
_work/Data/Scripts/content/Items/Melee_weapons.d:1082,Kriegshammer,Válečné kladivo,,,ItMw_1H_Warhammer_02.name,,,
_work/Data/Scripts/content/Items/Melee_weapons.d:1109,Götterhammer,Boží kladivo,,,ItMw_1H_Warhammer_03.name,,,
_work/Data/Scripts/content/Items/Melee_weapons.d:1139,Axt,Sekyra,,,ItMw_1H_Axe_01.name,,,
_work/Data/Scripts/content/Items/Melee_weapons.d:1166,Schädelspalter,Lebkolam,,,ItMw_1H_Axe_02.name,,,
_work/Data/Scripts/content/Items/Melee_weapons.d:1193,Knochenbrecher,Kostilam,,,ItMw_1H_Axe_03.name,,,
_work/Data/Scripts/content/Items/Melee_weapons.d:1222,Breitschwert,Široký meč,,,ItMw_1H_Sword_Broad_01.name,,,
_work/Data/Scripts/content/Items/Melee_weapons.d:1249,Kriegerurteil,Válečníkův rozsudek,,,ItMw_1H_Sword_Broad_02.name,,,
_work/Data/Scripts/content/Items/Melee_weapons.d:1276,Sturmgeflüster,Šepot bouře,,,ItMw_1H_Sword_Broad_03.name,,,
_work/Data/Scripts/content/Items/Melee_weapons.d:1303,Gardistenhand,Strážcova ruka,,,ItMw_1H_Sword_Broad_04.name,,,
_work/Data/Scripts/content/Items/Melee_weapons.d:1332,Rostiger Zweihänder,Rezavý obouruční meč,,,ItMw_2H_Sword_Old_01.name,,,
_work/Data/Scripts/content/Items/Melee_weapons.d:1361,Rostiges Bastardschwert,Rezavý meč bastard,,,ItMw_1H_Sword_Bastard_01.name,,,
_work/Data/Scripts/content/Items/Melee_weapons.d:1388,Schlachter,Řezník,,,ItMw_1H_Sword_Bastard_02.name,,,
_work/Data/Scripts/content/Items/Melee_weapons.d:1415,Vollstrecker,Popravčí,,,ItMw_1H_Sword_Bastard_03.name,,,
_work/Data/Scripts/content/Items/Melee_weapons.d:1442,Berserkerwort,Slovo násilníka,,,ItMw_1H_Sword_Bastard_04.name,,,
_work/Data/Scripts/content/Items/Melee_weapons.d:1471,Alte Streitaxt,Stará bojová sekyra,,,ItMw_2H_Axe_Old_01.name,,,
_work/Data/Scripts/content/Items/Melee_weapons.d:1498,Bluternter,Sběrač krve,,,ItMw_2H_Axe_Old_02.name,,,
_work/Data/Scripts/content/Items/Melee_weapons.d:1525,Alter Richter,Starý soudce,,,ItMw_2H_Axe_Old_03.name,,,
_work/Data/Scripts/content/Items/Melee_weapons.d:1554,Leichter Zweihänder,Lehký obouruční meč,,,ItMw_2H_Sword_Light_01.name,,,
_work/Data/Scripts/content/Items/Melee_weapons.d:1581,Hüterklinge,Šavle správce,,,ItMw_2H_Sword_Light_02.name,,,
_work/Data/Scripts/content/Items/Melee_weapons.d:1608,Söldnerklinge,Šavle žoldáka,,,ItMw_2H_Sword_Light_03.name,,,
_work/Data/Scripts/content/Items/Melee_weapons.d:1635,Königsklinge,Šavle krále,,,ItMw_2H_Sword_Light_04.name,,,
_work/Data/Scripts/content/Items/Melee_weapons.d:1662,Dämonenklinge,Šavle ďábla,,,ItMw_2H_Sword_Light_05.name,,,
_work/Data/Scripts/content/Items/Melee_weapons.d:1691,Leichte Streitaxt,Lehká bojová sekyra,,,ItMw_2H_Axe_light_01.name,,,
_work/Data/Scripts/content/Items/Melee_weapons.d:1718,Donnerschlag,Úder blesku,,,ItMw_2H_Axe_light_02.name,,,
_work/Data/Scripts/content/Items/Melee_weapons.d:1745,Schmetterschlag,Třesk,,,ItMw_2H_Axe_light_03.name,,,
_work/Data/Scripts/content/Items/Melee_weapons.d:1774,Zweihänder,Obouruční zbraň,,,ItMw_2H_Sword_01.name,,,
_work/Data/Scripts/content/Items/Melee_weapons.d:1801,Heldenschneide,Hrdinova šavle,,,ItMw_2H_Sword_02.name,,,
_work/Data/Scripts/content/Items/Melee_weapons.d:1828,Blutschneide,Krvavá šavle,,,ItMw_2H_Sword_03.name,,,
_work/Data/Scripts/content/Items/Melee_weapons.d:1857,Schwerer Zweihänder,Těžká obouruční zbraň,,,ItMw_2H_Sword_Heavy_01.name,,,
_work/Data/Scripts/content/Items/Melee_weapons.d:1884,Zornstahl,Meč běsnění,,,ItMw_2H_Sword_Heavy_02.name,,,
_work/Data/Scripts/content/Items/Melee_weapons.d:1910,Grimmstahl,Meč hněvu,,,ItMw_2H_Sword_Heavy_03.name,,,
_work/Data/Scripts/content/Items/Melee_weapons.d:1937,Rachestahl,Meč pomsty,,,ItMw_2H_Sword_Heavy_04.name,,,
_work/Data/Scripts/content/Items/Melee_weapons.d:1966,Streitaxt,Válečná sekyra,,,ItMw_2H_Axe_Heavy_01.name,,,
_work/Data/Scripts/content/Items/Melee_weapons.d:1993,Kriegerstimme,Hlas válečníka,,,ItMw_2H_Axe_Heavy_02.name,,,
_work/Data/Scripts/content/Items/Melee_weapons.d:2020,Barbarenfaust,Pěst barbara,,,ItMw_2H_Axe_Heavy_03.name,,,
_work/Data/Scripts/content/Items/Melee_weapons.d:2047,Trollfaust,Pěst trola,,,ItMw_2H_Axe_Heavy_04.name,,,
_work/Data/Scripts/content/Items/Melee_weapons.d:2076,Krush Varrok,Krush Varrok,,,ItMw2hOrcSword01.name,,,
_work/Data/Scripts/content/Items/Melee_weapons.d:2103,Krush Pach,Krush Pach,,,ItMw2hOrcAxe01.name,,,
_work/Data/Scripts/content/Items/Melee_weapons.d:2130,Krush UrRok,Krush UrRok,,,ItMw2hOrcAxe02.name,,,
_work/Data/Scripts/content/Items/Melee_weapons.d:2157,Krush Agash,Krush Agash,,,ItMw2hOrcAxe03.name,,,
_work/Data/Scripts/content/Items/Melee_weapons.d:2184,Krush BrokDar,Krush BrokDar,,,ItMw2hOrcAxe04.name,,,
_work/Data/Scripts/content/Items/Melee_weapons.d:2211,Krush Karrok,Krush Karrok,,,ItMw2hOrcMace01.name,,,
_work/Data/Scripts/content/Items/Melee_weapons.d:2238,Grachtnakk,Grachtnakk,,,ItRwOrcstaff.name,,,
_work/Data/Scripts/content/Items/Melee_weapons.d:2264,ShaBaNakk,ShaBaNakk,,,ItRwUdOrcstaff.name,,,
_work/Data/Scripts/content/Items/MissionItems_1.d:25,Mordrags Ring,Mordragův prsten,,,MordragsRing.description,,,
_work/Data/Scripts/content/Items/MissionItems_1.d:54,präparierter Traumruf,Upravený přivolávač snů,,,SpecialJoint.name,,,
_work/Data/Scripts/content/Items/MissionItems_1.d:67,Dieses Sumpfkraut hat eine weitaus,Droga z bažin se silnějším,,,SpecialJoint.text[0],,,
_work/Data/Scripts/content/Items/MissionItems_1.d:68,stärkere Wirkung als normal.,účinkem než obyčejná droga.,,,SpecialJoint.text[1],,,
_work/Data/Scripts/content/Items/MissionItems_1.d:69,Es ist für den Guru Baal-Tyon bestimmt!,To je pro Guru Baala Tyona!,,,SpecialJoint.text[3],,,
_work/Data/Scripts/content/Items/MissionItems_1.d:80,Klaue des Dammlurker,Drápy hrázového číhavce,,,ItAt_DamLurker_01.name,,,
_work/Data/Scripts/content/Items/MissionItems_1.d:99,Karte,Mapa,,,ItWrOMMap.name,,,
_work/Data/Scripts/content/Items/MissionItems_1.d:112,Karte zur Alten Mine,Mapa Starého dolu,,,ItWrOMMap.description,,,
_work/Data/Scripts/content/Items/MissionItems_1.d:146,Altes Schwert,Starý meč,,,AltesSchwertVM.name,,,
_work/Data/Scripts/content/Items/MissionItems_1.d:176,Altes Schwert,Starý meč,,,AltesSchwert.name,,,
_work/Data/Scripts/content/Items/MissionItems_1.d:208,Jackals Schwert,Jackalův meč,,,JackalsSword.name,,,
_work/Data/Scripts/content/Items/MissionItems_1.d:256,Botenamulett der Wassermagier,Kurýrský odznak mágů Vody,,,KdW_Amulett.description,,,
_work/Data/Scripts/content/Items/MissionItems_1.d:270,Brief,Dopis,,,Cronos_Brief.name,,,
_work/Data/Scripts/content/Items/MissionItems_1.d:281,Cronos Brief an die Feuermagier,Kronosův dopis mágům Ohně,,,Cronos_Brief.description,,,
_work/Data/Scripts/content/Items/MissionItems_1.d:293,"Hochgeschätzter Meister Corristo,","Slovutný pane Corristo,",,,,,Doc_PrintLine call.,
_work/Data/Scripts/content/Items/MissionItems_1.d:296,"Saturas,ehrwürdiger Meister der Magier vom Keis des Wassers,möchte Euch ersuchen,gemeinsam mit uns dafür Sorge zu tragen,daß die Spannungen zwischen dem alten und dem neuen Lager in einem Rahmen gehalten werden,der für beide Seiten zuträglich ist. Da Ihr dafür Sorge tragt,daß der König seine monatliche Erzlieferung erhält,ist es in Eurem Interesse,daß die Aktivitäten der Banditen aus dem Neuen Lager eingeschränkt werden. Desweiteren ist es in unserem Interesse,daß seitens des Alten Lagers keine Schritte unternommen werden,die unser Vorhaben,die magische Barriere wieder zu öffnen in Gefahr bringen könnten.","Saturas,velevážený mistr mágů Kruhu vody,vás snažně žádá o podporu,která by zajistila,aby napětí mezi Starým a Novým táborem zůstalo v takových mezích,které by byly ku prospěchu obou stran. Protože jste zodpovědný za měsíční zásilky magické rudy králi,je zřejmé,že zastavení aktivit banditů z Nového tábora je i ve vašem zájmu. Naším přáním pak je,aby Starý tábor již nepodnikal žádné kroky,které by ohrožovaly naše úsilí o znovuotevření Bariéry,která nás všechny drží ve vězení.",,,,,Doc_PrintLines call.,
_work/Data/Scripts/content/Items/MissionItems_1.d:298,In Erwartung Eurer baldigen Antwort,"S očekáváním brzké odpovědi,",,,,,Doc_PrintLine call.,
